Cultures plated,,COLUMN,COLUMN_D,C_D_R,C_D_R_IS
C01_D6_R1_IS1_1A,,C01,C01_D6,C01_D6_R1,C01_D6_R1_IS1
C01_D6_R1_IS1_1B,,C01,C01_D6,C01_D6_R1,C01_D6_R1_IS1
C01_D6_R1_IS1_2A,,C01,C01_D6,C01_D6_R1,C01_D6_R1_IS1
C01_D6_R1_IS1_2B,,C01,C01_D6,C01_D6_R1,C01_D6_R1_IS1
C01_D6_R1_IS2_1A,,C01,C01_D6,C01_D6_R1,C01_D6_R1_IS2
C01_D6_R1_IS2_1B,,C01,C01_D6,C01_D6_R1,C01_D6_R1_IS2
C01_D6_R1_IS2_2A,,C01,C01_D6,C01_D6_R1,C01_D6_R1_IS2
C01_D6_R1_IS2_2B,,C01,C01_D6,C01_D6_R1,C01_D6_R1_IS2
C01_D6_R1_IS3_1A,,C01,C01_D6,C01_D6_R1,C01_D6_R1_IS3
C01_D6_R1_IS3_1B,,C01,C01_D6,C01_D6_R1,C01_D6_R1_IS3
C01_D6_R1_IS3_2A,,C01,C01_D6,C01_D6_R1,C01_D6_R1_IS3
C01_D6_R1_IS3_2B,,C01,C01_D6,C01_D6_R1,C01_D6_R1_IS3
C01_D6_R2_IS1_1A,,C01,C01_D6,C01_D6_R2,C01_D6_R2_IS1
C01_D6_R2_IS1_1B,,C01,C01_D6,C01_D6_R2,C01_D6_R2_IS1
C01_D6_R2_IS1_2A,,C01,C01_D6,C01_D6_R2,C01_D6_R2_IS1
C01_D6_R2_IS1_2B,,C01,C01_D6,C01_D6_R2,C01_D6_R2_IS1
C01_D6_R2_IS2_1A,,C01,C01_D6,C01_D6_R2,C01_D6_R2_IS2
C01_D6_R2_IS2_1B,,C01,C01_D6,C01_D6_R2,C01_D6_R2_IS2
C01_D6_R2_IS2_2A,,C01,C01_D6,C01_D6_R2,C01_D6_R2_IS2
C01_D6_R2_IS2_2B,,C01,C01_D6,C01_D6_R2,C01_D6_R2_IS2
C01_D6_R2_IS3_1A,,C01,C01_D6,C01_D6_R2,C01_D6_R2_IS3
C01_D6_R2_IS3_1B,,C01,C01_D6,C01_D6_R2,C01_D6_R2_IS3
C01_D6_R2_IS3_2A,,C01,C01_D6,C01_D6_R2,C01_D6_R2_IS3
C01_D6_R2_IS3_2B,,C01,C01_D6,C01_D6_R2,C01_D6_R2_IS3
C01_D6_R3_IS1_1A,,C01,C01_D6,C01_D6_R3,C01_D6_R3_IS1
C01_D6_R3_IS1_1B,,C01,C01_D6,C01_D6_R3,C01_D6_R3_IS1
C01_D6_R3_IS1_2A,,C01,C01_D6,C01_D6_R3,C01_D6_R3_IS1
C01_D6_R3_IS1_2B,,C01,C01_D6,C01_D6_R3,C01_D6_R3_IS1
C01_D6_R3_IS2_1A,,C01,C01_D6,C01_D6_R3,C01_D6_R3_IS2
C01_D6_R3_IS2_1B,,C01,C01_D6,C01_D6_R3,C01_D6_R3_IS2
C01_D6_R3_IS2_2A,,C01,C01_D6,C01_D6_R3,C01_D6_R3_IS2
C01_D6_R3_IS2_2B,,C01,C01_D6,C01_D6_R3,C01_D6_R3_IS2
C01_D6_R3_IS3_1A,,C01,C01_D6,C01_D6_R3,C01_D6_R3_IS3
C01_D6_R3_IS3_1B,,C01,C01_D6,C01_D6_R3,C01_D6_R3_IS3
C01_D6_R3_IS3_2A,,C01,C01_D6,C01_D6_R3,C01_D6_R3_IS3
C01_D6_R3_IS3_2B,,C01,C01_D6,C01_D6_R3,C01_D6_R3_IS3
C02_D0_R1_IS2_1A,,C02,C02_D0,C02_D0_R1,C02_D0_R1_IS2
C02_D0_R1_IS2_1B,,C02,C02_D0,C02_D0_R1,C02_D0_R1_IS2
C02_D0_R1_IS2_2A,,C02,C02_D0,C02_D0_R1,C02_D0_R1_IS2
C02_D0_R1_IS2_2B,,C02,C02_D0,C02_D0_R1,C02_D0_R1_IS2
C02_D1_R1_IS1_1A,,C02,C02_D1,C02_D1_R1,C02_D1_R1_IS1
C02_D1_R1_IS1_1B,,C02,C02_D1,C02_D1_R1,C02_D1_R1_IS1
C02_D1_R1_IS1_2A,,C02,C02_D1,C02_D1_R1,C02_D1_R1_IS1
C02_D1_R1_IS1_2B,,C02,C02_D1,C02_D1_R1,C02_D1_R1_IS1
C02_D3_R1_IS1_1A,,C02,C02_D3,C02_D3_R1,C02_D3_R1_IS1
C02_D3_R1_IS1_1B,,C02,C02_D3,C02_D3_R1,C02_D3_R1_IS1
C02_D3_R1_IS1_2A,,C02,C02_D3,C02_D3_R1,C02_D3_R1_IS1
C02_D3_R1_IS1_2B,,C02,C02_D3,C02_D3_R1,C02_D3_R1_IS1
C02_D3_R1_IS3_1A,,C02,C02_D3,C02_D3_R1,C02_D3_R1_IS3
C02_D3_R1_IS3_1B,,C02,C02_D3,C02_D3_R1,C02_D3_R1_IS3
C02_D3_R1_IS3_2A,,C02,C02_D3,C02_D3_R1,C02_D3_R1_IS3
C02_D3_R1_IS3_2B,,C02,C02_D3,C02_D3_R1,C02_D3_R1_IS3
C02_D3_R2_IS1_1A,,C02,C02_D3,C02_D3_R2,C02_D3_R2_IS1
C02_D3_R2_IS1_1B,,C02,C02_D3,C02_D3_R2,C02_D3_R2_IS1
C02_D3_R2_IS1_2A,,C02,C02_D3,C02_D3_R2,C02_D3_R2_IS1
C02_D3_R2_IS1_2B,,C02,C02_D3,C02_D3_R2,C02_D3_R2_IS1
C02_D3_R2_IS2_1A,,C02,C02_D3,C02_D3_R2,C02_D3_R2_IS2
C02_D3_R2_IS2_1B,,C02,C02_D3,C02_D3_R2,C02_D3_R2_IS2
C02_D3_R2_IS2_2A,,C02,C02_D3,C02_D3_R2,C02_D3_R2_IS2
C02_D3_R2_IS2_2B,,C02,C02_D3,C02_D3_R2,C02_D3_R2_IS2
C02_D3_R2_IS3_1A,,C02,C02_D3,C02_D3_R2,C02_D3_R2_IS3
C02_D3_R2_IS3_1B,,C02,C02_D3,C02_D3_R2,C02_D3_R2_IS3
C02_D3_R2_IS3_2A,,C02,C02_D3,C02_D3_R2,C02_D3_R2_IS3
C02_D3_R2_IS3_2B,,C02,C02_D3,C02_D3_R2,C02_D3_R2_IS3
C02_D3_R3_IS1_1A,,C02,C02_D3,C02_D3_R3,C02_D3_R3_IS1
C02_D3_R3_IS1_1B,,C02,C02_D3,C02_D3_R3,C02_D3_R3_IS1
C02_D3_R3_IS1_2A,,C02,C02_D3,C02_D3_R3,C02_D3_R3_IS1
C02_D3_R3_IS1_2B,,C02,C02_D3,C02_D3_R3,C02_D3_R3_IS1
C02_D3_R3_IS2_1A,,C02,C02_D3,C02_D3_R3,C02_D3_R3_IS2
C02_D3_R3_IS2_1B,,C02,C02_D3,C02_D3_R3,C02_D3_R3_IS2
C02_D3_R3_IS2_2A,,C02,C02_D3,C02_D3_R3,C02_D3_R3_IS2
C02_D3_R3_IS2_2B,,C02,C02_D3,C02_D3_R3,C02_D3_R3_IS2
C03_D3_R1_IS1_1A,,C03,C03_D3,C03_D3_R1,C03_D3_R1_IS1
C03_D3_R1_IS1_1B,,C03,C03_D3,C03_D3_R1,C03_D3_R1_IS1
C03_D3_R1_IS1_2A,,C03,C03_D3,C03_D3_R1,C03_D3_R1_IS1
C03_D3_R1_IS1_2B,,C03,C03_D3,C03_D3_R1,C03_D3_R1_IS1
C03_D3_R1_IS2_1A,,C03,C03_D3,C03_D3_R1,C03_D3_R1_IS2
C03_D3_R1_IS2_1B,,C03,C03_D3,C03_D3_R1,C03_D3_R1_IS2
C03_D3_R1_IS2_2A,,C03,C03_D3,C03_D3_R1,C03_D3_R1_IS2
C03_D3_R1_IS2_2B,,C03,C03_D3,C03_D3_R1,C03_D3_R1_IS2
C03_D3_R1_IS3_1A,,C03,C03_D3,C03_D3_R1,C03_D3_R1_IS3
C03_D3_R1_IS3_1B,,C03,C03_D3,C03_D3_R1,C03_D3_R1_IS3
C03_D3_R1_IS3_2A,,C03,C03_D3,C03_D3_R1,C03_D3_R1_IS3
C03_D3_R1_IS3_2B,,C03,C03_D3,C03_D3_R1,C03_D3_R1_IS3
C03_D3_R2_IS1_1A,,C03,C03_D3,C03_D3_R2,C03_D3_R2_IS1
C03_D3_R2_IS1_1B,,C03,C03_D3,C03_D3_R2,C03_D3_R2_IS1
C03_D3_R2_IS1_2A,,C03,C03_D3,C03_D3_R2,C03_D3_R2_IS1
C03_D3_R2_IS1_2B,,C03,C03_D3,C03_D3_R2,C03_D3_R2_IS1
C03_D3_R2_IS2_1A,,C03,C03_D3,C03_D3_R2,C03_D3_R2_IS2
C03_D3_R2_IS2_1B,,C03,C03_D3,C03_D3_R2,C03_D3_R2_IS2
C03_D3_R2_IS2_2A,,C03,C03_D3,C03_D3_R2,C03_D3_R2_IS2
C03_D3_R2_IS2_2B,,C03,C03_D3,C03_D3_R2,C03_D3_R2_IS2
C03_D3_R2_IS3_1A,,C03,C03_D3,C03_D3_R2,C03_D3_R2_IS3
C03_D3_R2_IS3_1B,,C03,C03_D3,C03_D3_R2,C03_D3_R2_IS3
C03_D3_R2_IS3_2A,,C03,C03_D3,C03_D3_R2,C03_D3_R2_IS3
C03_D3_R2_IS3_2B,,C03,C03_D3,C03_D3_R2,C03_D3_R2_IS3
C03_D3_R3_IS1_1A,,C03,C03_D3,C03_D3_R3,C03_D3_R3_IS1
C03_D3_R3_IS1_1B,,C03,C03_D3,C03_D3_R3,C03_D3_R3_IS1
C03_D3_R3_IS1_2A,,C03,C03_D3,C03_D3_R3,C03_D3_R3_IS1
C03_D3_R3_IS1_2B,,C03,C03_D3,C03_D3_R3,C03_D3_R3_IS1
C03_D3_R3_IS2_1A,,C03,C03_D3,C03_D3_R3,C03_D3_R3_IS2
C03_D3_R3_IS2_1B,,C03,C03_D3,C03_D3_R3,C03_D3_R3_IS2
C03_D3_R3_IS2_2A,,C03,C03_D3,C03_D3_R3,C03_D3_R3_IS2
C03_D3_R3_IS2_2B,,C03,C03_D3,C03_D3_R3,C03_D3_R3_IS2
C03_D3_R3_IS3_1A,,C03,C03_D3,C03_D3_R3,C03_D3_R3_IS3
C03_D3_R3_IS3_1B,,C03,C03_D3,C03_D3_R3,C03_D3_R3_IS3
C03_D3_R3_IS3_2A,,C03,C03_D3,C03_D3_R3,C03_D3_R3_IS3
C03_D3_R3_IS3_2B,,C03,C03_D3,C03_D3_R3,C03_D3_R3_IS3
C03_D6_R1_IS2_1A,,C03,C03_D6,C03_D6_R1,C03_D6_R1_IS2
C03_D6_R1_IS2_1B,,C03,C03_D6,C03_D6_R1,C03_D6_R1_IS2
C03_D6_R1_IS2_2A,,C03,C03_D6,C03_D6_R1,C03_D6_R1_IS2
C03_D6_R1_IS2_2B,,C03,C03_D6,C03_D6_R1,C03_D6_R1_IS2
C03_D6_R1_IS3_1A,,C03,C03_D6,C03_D6_R1,C03_D6_R1_IS3
C03_D6_R1_IS3_1B,,C03,C03_D6,C03_D6_R1,C03_D6_R1_IS3
C03_D6_R1_IS3_2A,,C03,C03_D6,C03_D6_R1,C03_D6_R1_IS3
C03_D6_R1_IS3_2B,,C03,C03_D6,C03_D6_R1,C03_D6_R1_IS3
C03_D6_R2_IS1_1A,,C03,C03_D6,C03_D6_R2,C03_D6_R2_IS1
C03_D6_R2_IS1_1B,,C03,C03_D6,C03_D6_R2,C03_D6_R2_IS1
C03_D6_R2_IS1_2A,,C03,C03_D6,C03_D6_R2,C03_D6_R2_IS1
C03_D6_R2_IS1_2B,,C03,C03_D6,C03_D6_R2,C03_D6_R2_IS1
C03_D6_R2_IS2_1A,,C03,C03_D6,C03_D6_R2,C03_D6_R2_IS2
C03_D6_R2_IS2_1B,,C03,C03_D6,C03_D6_R2,C03_D6_R2_IS2
C03_D6_R2_IS2_2A,,C03,C03_D6,C03_D6_R2,C03_D6_R2_IS2
C03_D6_R2_IS2_2B,,C03,C03_D6,C03_D6_R2,C03_D6_R2_IS2
C03_D6_R3_IS1_1A,,C03,C03_D6,C03_D6_R3,C03_D6_R3_IS1
C03_D6_R3_IS1_1B,,C03,C03_D6,C03_D6_R3,C03_D6_R3_IS1
C03_D6_R3_IS1_2A,,C03,C03_D6,C03_D6_R3,C03_D6_R3_IS1
C03_D6_R3_IS1_2B,,C03,C03_D6,C03_D6_R3,C03_D6_R3_IS1
C03_D6_R3_IS2_1A,,C03,C03_D6,C03_D6_R3,C03_D6_R3_IS2
C03_D6_R3_IS2_1B,,C03,C03_D6,C03_D6_R3,C03_D6_R3_IS2
C03_D6_R3_IS2_2A,,C03,C03_D6,C03_D6_R3,C03_D6_R3_IS2
C03_D6_R3_IS2_2B,,C03,C03_D6,C03_D6_R3,C03_D6_R3_IS2
C03_D6_R3_IS3_1A,,C03,C03_D6,C03_D6_R3,C03_D6_R3_IS3
C03_D6_R3_IS3_1B,,C03,C03_D6,C03_D6_R3,C03_D6_R3_IS3
C03_D6_R3_IS3_2A,,C03,C03_D6,C03_D6_R3,C03_D6_R3_IS3
C03_D6_R3_IS3_2B,,C03,C03_D6,C03_D6_R3,C03_D6_R3_IS3
C04_D1_R1_IS1_1A,,C04,C04_D1,C04_D1_R1,C04_D1_R1_IS1
C04_D1_R1_IS1_1B,,C04,C04_D1,C04_D1_R1,C04_D1_R1_IS1
C04_D1_R1_IS1_2A,,C04,C04_D1,C04_D1_R1,C04_D1_R1_IS1
C04_D1_R1_IS1_2B,,C04,C04_D1,C04_D1_R1,C04_D1_R1_IS1
C04_D1_R1_IS2_1A,,C04,C04_D1,C04_D1_R1,C04_D1_R1_IS2
C04_D1_R1_IS2_1B,,C04,C04_D1,C04_D1_R1,C04_D1_R1_IS2
C04_D1_R1_IS2_2A,,C04,C04_D1,C04_D1_R1,C04_D1_R1_IS2
C04_D1_R1_IS2_2B,,C04,C04_D1,C04_D1_R1,C04_D1_R1_IS2
C04_D1_R1_IS3_1A,,C04,C04_D1,C04_D1_R1,C04_D1_R1_IS3
C04_D1_R1_IS3_1B,,C04,C04_D1,C04_D1_R1,C04_D1_R1_IS3
C04_D1_R1_IS3_2A,,C04,C04_D1,C04_D1_R1,C04_D1_R1_IS3
C04_D1_R1_IS3_2B,,C04,C04_D1,C04_D1_R1,C04_D1_R1_IS3
C04_D1_R2_IS1_1A,,C04,C04_D1,C04_D1_R2,C04_D1_R2_IS1
C04_D1_R2_IS1_1B,,C04,C04_D1,C04_D1_R2,C04_D1_R2_IS1
C04_D1_R2_IS1_2A,,C04,C04_D1,C04_D1_R2,C04_D1_R2_IS1
C04_D1_R2_IS1_2B,,C04,C04_D1,C04_D1_R2,C04_D1_R2_IS1
C04_D1_R2_IS2_1A,,C04,C04_D1,C04_D1_R2,C04_D1_R2_IS2
C04_D1_R2_IS2_1B,,C04,C04_D1,C04_D1_R2,C04_D1_R2_IS2
C04_D1_R2_IS2_2A,,C04,C04_D1,C04_D1_R2,C04_D1_R2_IS2
C04_D1_R2_IS2_2B,,C04,C04_D1,C04_D1_R2,C04_D1_R2_IS2
C04_D1_R2_IS3_1A,,C04,C04_D1,C04_D1_R2,C04_D1_R2_IS3
C04_D1_R2_IS3_1B,,C04,C04_D1,C04_D1_R2,C04_D1_R2_IS3
C04_D1_R2_IS3_2A,,C04,C04_D1,C04_D1_R2,C04_D1_R2_IS3
C04_D1_R2_IS3_2B,,C04,C04_D1,C04_D1_R2,C04_D1_R2_IS3
C04_D1_R3_IS1_1A,,C04,C04_D1,C04_D1_R3,C04_D1_R3_IS1
C04_D1_R3_IS1_1B,,C04,C04_D1,C04_D1_R3,C04_D1_R3_IS1
C04_D1_R3_IS1_2A,,C04,C04_D1,C04_D1_R3,C04_D1_R3_IS1
C04_D1_R3_IS1_2B,,C04,C04_D1,C04_D1_R3,C04_D1_R3_IS1
C04_D1_R3_IS2_1A,,C04,C04_D1,C04_D1_R3,C04_D1_R3_IS2
C04_D1_R3_IS2_1B,,C04,C04_D1,C04_D1_R3,C04_D1_R3_IS2
C04_D1_R3_IS2_2A,,C04,C04_D1,C04_D1_R3,C04_D1_R3_IS2
C04_D1_R3_IS2_2B,,C04,C04_D1,C04_D1_R3,C04_D1_R3_IS2
C05_D3_R1_IS1_1A,,C05,C05_D3,C05_D3_R1,C05_D3_R1_IS1
C05_D3_R1_IS1_1B,,C05,C05_D3,C05_D3_R1,C05_D3_R1_IS1
C05_D3_R1_IS1_2A,,C05,C05_D3,C05_D3_R1,C05_D3_R1_IS1
C05_D3_R1_IS1_2B,,C05,C05_D3,C05_D3_R1,C05_D3_R1_IS1
C05_D3_R1_IS3_1A,,C05,C05_D3,C05_D3_R1,C05_D3_R1_IS3
C05_D3_R1_IS3_1B,,C05,C05_D3,C05_D3_R1,C05_D3_R1_IS3
C05_D3_R1_IS3_2A,,C05,C05_D3,C05_D3_R1,C05_D3_R1_IS3
C05_D3_R1_IS3_2B,,C05,C05_D3,C05_D3_R1,C05_D3_R1_IS3
C05_D3_R2_IS1_1A,,C05,C05_D3,C05_D3_R2,C05_D3_R2_IS1
C05_D3_R2_IS1_1B,,C05,C05_D3,C05_D3_R2,C05_D3_R2_IS1
C05_D3_R2_IS1_2A,,C05,C05_D3,C05_D3_R2,C05_D3_R2_IS1
C05_D3_R2_IS1_2B,,C05,C05_D3,C05_D3_R2,C05_D3_R2_IS1
C05_D3_R2_IS2_1A,,C05,C05_D3,C05_D3_R2,C05_D3_R2_IS2
C05_D3_R2_IS2_1B,,C05,C05_D3,C05_D3_R2,C05_D3_R2_IS2
C05_D3_R2_IS2_2A,,C05,C05_D3,C05_D3_R2,C05_D3_R2_IS2
C05_D3_R2_IS2_2B,,C05,C05_D3,C05_D3_R2,C05_D3_R2_IS2
C05_D3_R2_IS3_1A,,C05,C05_D3,C05_D3_R2,C05_D3_R2_IS3
C05_D3_R2_IS3_1B,,C05,C05_D3,C05_D3_R2,C05_D3_R2_IS3
C05_D3_R2_IS3_2A,,C05,C05_D3,C05_D3_R2,C05_D3_R2_IS3
C05_D3_R2_IS3_2B,,C05,C05_D3,C05_D3_R2,C05_D3_R2_IS3
C05_D3_R3_IS1_1A,,C05,C05_D3,C05_D3_R3,C05_D3_R3_IS1
C05_D3_R3_IS1_1B,,C05,C05_D3,C05_D3_R3,C05_D3_R3_IS1
C05_D3_R3_IS1_2A,,C05,C05_D3,C05_D3_R3,C05_D3_R3_IS1
C05_D3_R3_IS1_2B,,C05,C05_D3,C05_D3_R3,C05_D3_R3_IS1
C05_D3_R3_IS3_1A,,C05,C05_D3,C05_D3_R3,C05_D3_R3_IS3
C05_D3_R3_IS3_1B,,C05,C05_D3,C05_D3_R3,C05_D3_R3_IS3
C05_D3_R3_IS3_2A,,C05,C05_D3,C05_D3_R3,C05_D3_R3_IS3
C05_D3_R3_IS3_2B,,C05,C05_D3,C05_D3_R3,C05_D3_R3_IS3
C06_D3_R1_IS1_1A,,C06,C06_D3,C06_D3_R1,C06_D3_R1_IS1
C06_D3_R1_IS1_1B,,C06,C06_D3,C06_D3_R1,C06_D3_R1_IS1
C06_D3_R1_IS1_2A,,C06,C06_D3,C06_D3_R1,C06_D3_R1_IS1
C06_D3_R1_IS1_2B,,C06,C06_D3,C06_D3_R1,C06_D3_R1_IS1
C06_D3_R1_IS2_1A,,C06,C06_D3,C06_D3_R1,C06_D3_R1_IS2
C06_D3_R1_IS2_1B,,C06,C06_D3,C06_D3_R1,C06_D3_R1_IS2
C06_D3_R1_IS2_2A,,C06,C06_D3,C06_D3_R1,C06_D3_R1_IS2
C06_D3_R1_IS2_2B,,C06,C06_D3,C06_D3_R1,C06_D3_R1_IS2
C06_D3_R1_IS3_1A,,C06,C06_D3,C06_D3_R1,C06_D3_R1_IS3
C06_D3_R1_IS3_1B,,C06,C06_D3,C06_D3_R1,C06_D3_R1_IS3
C06_D3_R1_IS3_2A,,C06,C06_D3,C06_D3_R1,C06_D3_R1_IS3
C06_D3_R1_IS3_2B,,C06,C06_D3,C06_D3_R1,C06_D3_R1_IS3
C06_D3_R2_IS1_1A,,C06,C06_D3,C06_D3_R2,C06_D3_R2_IS1
C06_D3_R2_IS1_1B,,C06,C06_D3,C06_D3_R2,C06_D3_R2_IS1
C06_D3_R2_IS1_2A,,C06,C06_D3,C06_D3_R2,C06_D3_R2_IS1
C06_D3_R2_IS1_2B,,C06,C06_D3,C06_D3_R2,C06_D3_R2_IS1
C06_D3_R2_IS2_1A,,C06,C06_D3,C06_D3_R2,C06_D3_R2_IS2
C06_D3_R2_IS2_1B,,C06,C06_D3,C06_D3_R2,C06_D3_R2_IS2
C06_D3_R2_IS2_2A,,C06,C06_D3,C06_D3_R2,C06_D3_R2_IS2
C06_D3_R2_IS2_2B,,C06,C06_D3,C06_D3_R2,C06_D3_R2_IS2
C06_D3_R3_IS1_1A,,C06,C06_D3,C06_D3_R3,C06_D3_R3_IS1
C06_D3_R3_IS1_1B,,C06,C06_D3,C06_D3_R3,C06_D3_R3_IS1
C06_D3_R3_IS1_2A,,C06,C06_D3,C06_D3_R3,C06_D3_R3_IS1
C06_D3_R3_IS1_2B,,C06,C06_D3,C06_D3_R3,C06_D3_R3_IS1
C06_D3_R3_IS2_1A,,C06,C06_D3,C06_D3_R3,C06_D3_R3_IS2
C06_D3_R3_IS2_1B,,C06,C06_D3,C06_D3_R3,C06_D3_R3_IS2
C06_D3_R3_IS2_2A,,C06,C06_D3,C06_D3_R3,C06_D3_R3_IS2
C06_D3_R3_IS2_2B,,C06,C06_D3,C06_D3_R3,C06_D3_R3_IS2
C08_D3_R1_IS1_1A,,C08,C08_D3,C08_D3_R1,C08_D3_R1_IS1
C08_D3_R1_IS1_1B,,C08,C08_D3,C08_D3_R1,C08_D3_R1_IS1
C08_D3_R1_IS1_2A,,C08,C08_D3,C08_D3_R1,C08_D3_R1_IS1
C08_D3_R1_IS1_2B,,C08,C08_D3,C08_D3_R1,C08_D3_R1_IS1
C08_D3_R1_IS2_1A,,C08,C08_D3,C08_D3_R1,C08_D3_R1_IS2
C08_D3_R1_IS2_1B,,C08,C08_D3,C08_D3_R1,C08_D3_R1_IS2
C08_D3_R1_IS2_2A,,C08,C08_D3,C08_D3_R1,C08_D3_R1_IS2
C08_D3_R1_IS2_2B,,C08,C08_D3,C08_D3_R1,C08_D3_R1_IS2
C08_D3_R1_IS3_1A,,C08,C08_D3,C08_D3_R1,C08_D3_R1_IS3
C08_D3_R1_IS3_1B,,C08,C08_D3,C08_D3_R1,C08_D3_R1_IS3
C08_D3_R1_IS3_2A,,C08,C08_D3,C08_D3_R1,C08_D3_R1_IS3
C08_D3_R1_IS3_2B,,C08,C08_D3,C08_D3_R1,C08_D3_R1_IS3
C08_D3_R2_IS1_1A,,C08,C08_D3,C08_D3_R2,C08_D3_R2_IS1
C08_D3_R2_IS1_1B,,C08,C08_D3,C08_D3_R2,C08_D3_R2_IS1
C08_D3_R2_IS1_2A,,C08,C08_D3,C08_D3_R2,C08_D3_R2_IS1
C08_D3_R2_IS1_2B,,C08,C08_D3,C08_D3_R2,C08_D3_R2_IS1
C08_D3_R2_IS2_1A,,C08,C08_D3,C08_D3_R2,C08_D3_R2_IS2
C08_D3_R2_IS2_1B,,C08,C08_D3,C08_D3_R2,C08_D3_R2_IS2
C08_D3_R2_IS2_2A,,C08,C08_D3,C08_D3_R2,C08_D3_R2_IS2
C08_D3_R2_IS2_2B,,C08,C08_D3,C08_D3_R2,C08_D3_R2_IS2
C08_D3_R2_IS3_1A,,C08,C08_D3,C08_D3_R2,C08_D3_R2_IS3
C08_D3_R2_IS3_1B,,C08,C08_D3,C08_D3_R2,C08_D3_R2_IS3
C08_D3_R2_IS3_2A,,C08,C08_D3,C08_D3_R2,C08_D3_R2_IS3
C08_D3_R2_IS3_2B,,C08,C08_D3,C08_D3_R2,C08_D3_R2_IS3
C08_D3_R3_IS1_1A,,C08,C08_D3,C08_D3_R3,C08_D3_R3_IS1
C08_D3_R3_IS1_1B,,C08,C08_D3,C08_D3_R3,C08_D3_R3_IS1
C08_D3_R3_IS1_2A,,C08,C08_D3,C08_D3_R3,C08_D3_R3_IS1
C08_D3_R3_IS1_2B,,C08,C08_D3,C08_D3_R3,C08_D3_R3_IS1
C08_D3_R3_IS2_1A,,C08,C08_D3,C08_D3_R3,C08_D3_R3_IS2
C08_D3_R3_IS2_1B,,C08,C08_D3,C08_D3_R3,C08_D3_R3_IS2
C08_D3_R3_IS2_2A,,C08,C08_D3,C08_D3_R3,C08_D3_R3_IS2
C08_D3_R3_IS2_2B,,C08,C08_D3,C08_D3_R3,C08_D3_R3_IS2
C08_D3_R3_IS3_1A,,C08,C08_D3,C08_D3_R3,C08_D3_R3_IS3
C08_D3_R3_IS3_1B,,C08,C08_D3,C08_D3_R3,C08_D3_R3_IS3
C08_D3_R3_IS3_2A,,C08,C08_D3,C08_D3_R3,C08_D3_R3_IS3
C08_D3_R3_IS3_2B,,C08,C08_D3,C08_D3_R3,C08_D3_R3_IS3
C09_D3_R1_IS1_1A,,C09,C09_D3,C09_D3_R1,C09_D3_R1_IS1
C09_D3_R1_IS1_1B,,C09,C09_D3,C09_D3_R1,C09_D3_R1_IS1
C09_D3_R1_IS1_2A,,C09,C09_D3,C09_D3_R1,C09_D3_R1_IS1
C09_D3_R1_IS1_2B,,C09,C09_D3,C09_D3_R1,C09_D3_R1_IS1
C09_D3_R1_IS2_1A,,C09,C09_D3,C09_D3_R1,C09_D3_R1_IS2
C09_D3_R1_IS2_1B,,C09,C09_D3,C09_D3_R1,C09_D3_R1_IS2
C09_D3_R1_IS2_2A,,C09,C09_D3,C09_D3_R1,C09_D3_R1_IS2
C09_D3_R1_IS2_2B,,C09,C09_D3,C09_D3_R1,C09_D3_R1_IS2
C09_D3_R1_IS3_1A,,C09,C09_D3,C09_D3_R1,C09_D3_R1_IS3
C09_D3_R1_IS3_1B,,C09,C09_D3,C09_D3_R1,C09_D3_R1_IS3
C09_D3_R1_IS3_2A,,C09,C09_D3,C09_D3_R1,C09_D3_R1_IS3
C09_D3_R1_IS3_2B,,C09,C09_D3,C09_D3_R1,C09_D3_R1_IS3
C09_D3_R2_IS1_1A,,C09,C09_D3,C09_D3_R2,C09_D3_R2_IS1
C09_D3_R2_IS1_1B,,C09,C09_D3,C09_D3_R2,C09_D3_R2_IS1
C09_D3_R2_IS1_2A,,C09,C09_D3,C09_D3_R2,C09_D3_R2_IS1
C09_D3_R2_IS1_2B,,C09,C09_D3,C09_D3_R2,C09_D3_R2_IS1
C09_D3_R2_IS2_1A,,C09,C09_D3,C09_D3_R2,C09_D3_R2_IS2
C09_D3_R2_IS2_1B,,C09,C09_D3,C09_D3_R2,C09_D3_R2_IS2
C09_D3_R2_IS2_2A,,C09,C09_D3,C09_D3_R2,C09_D3_R2_IS2
C09_D3_R2_IS2_2B,,C09,C09_D3,C09_D3_R2,C09_D3_R2_IS2
C09_D3_R2_IS3_1A,,C09,C09_D3,C09_D3_R2,C09_D3_R2_IS3
C09_D3_R2_IS3_1B,,C09,C09_D3,C09_D3_R2,C09_D3_R2_IS3
C09_D3_R2_IS3_2A,,C09,C09_D3,C09_D3_R2,C09_D3_R2_IS3
C09_D3_R2_IS3_2B,,C09,C09_D3,C09_D3_R2,C09_D3_R2_IS3
C09_D3_R3_IS1_1A,,C09,C09_D3,C09_D3_R3,C09_D3_R3_IS1
C09_D3_R3_IS1_1B,,C09,C09_D3,C09_D3_R3,C09_D3_R3_IS1
C09_D3_R3_IS1_2A,,C09,C09_D3,C09_D3_R3,C09_D3_R3_IS1
C09_D3_R3_IS1_2B,,C09,C09_D3,C09_D3_R3,C09_D3_R3_IS1
C09_D3_R3_IS2_1A,,C09,C09_D3,C09_D3_R3,C09_D3_R3_IS2
C09_D3_R3_IS2_1B,,C09,C09_D3,C09_D3_R3,C09_D3_R3_IS2
C09_D3_R3_IS2_2A,,C09,C09_D3,C09_D3_R3,C09_D3_R3_IS2
C09_D3_R3_IS2_2B,,C09,C09_D3,C09_D3_R3,C09_D3_R3_IS2
C09_D3_R3_IS3_1A,,C09,C09_D3,C09_D3_R3,C09_D3_R3_IS3
C09_D3_R3_IS3_1B,,C09,C09_D3,C09_D3_R3,C09_D3_R3_IS3
C09_D3_R3_IS3_2A,,C09,C09_D3,C09_D3_R3,C09_D3_R3_IS3
C09_D3_R3_IS3_2B,,C09,C09_D3,C09_D3_R3,C09_D3_R3_IS3
C11_D6_R1_IS1_1A,,C11,C11_D6,C11_D6_R1,C11_D6_R1_IS1
C11_D6_R1_IS1_1B,,C11,C11_D6,C11_D6_R1,C11_D6_R1_IS1
C11_D6_R1_IS1_2A,,C11,C11_D6,C11_D6_R1,C11_D6_R1_IS1
C11_D6_R1_IS1_2B,,C11,C11_D6,C11_D6_R1,C11_D6_R1_IS1
C11_D6_R1_IS2_1A,,C11,C11_D6,C11_D6_R1,C11_D6_R1_IS2
C11_D6_R1_IS2_1B,,C11,C11_D6,C11_D6_R1,C11_D6_R1_IS2
C11_D6_R1_IS2_2A,,C11,C11_D6,C11_D6_R1,C11_D6_R1_IS2
C11_D6_R1_IS2_2B,,C11,C11_D6,C11_D6_R1,C11_D6_R1_IS2
C11_D6_R1_IS3_1A,,C11,C11_D6,C11_D6_R1,C11_D6_R1_IS3
C11_D6_R1_IS3_1B,,C11,C11_D6,C11_D6_R1,C11_D6_R1_IS3
C11_D6_R1_IS3_2A,,C11,C11_D6,C11_D6_R1,C11_D6_R1_IS3
C11_D6_R1_IS3_2B,,C11,C11_D6,C11_D6_R1,C11_D6_R1_IS3
C11_D6_R2_IS1_1A,,C11,C11_D6,C11_D6_R2,C11_D6_R2_IS1
C11_D6_R2_IS1_1B,,C11,C11_D6,C11_D6_R2,C11_D6_R2_IS1
C11_D6_R2_IS1_2A,,C11,C11_D6,C11_D6_R2,C11_D6_R2_IS1
C11_D6_R2_IS1_2B,,C11,C11_D6,C11_D6_R2,C11_D6_R2_IS1
C11_D6_R2_IS2_1A,,C11,C11_D6,C11_D6_R2,C11_D6_R2_IS2
C11_D6_R2_IS2_1B,,C11,C11_D6,C11_D6_R2,C11_D6_R2_IS2
C11_D6_R2_IS2_2A,,C11,C11_D6,C11_D6_R2,C11_D6_R2_IS2
C11_D6_R2_IS2_2B,,C11,C11_D6,C11_D6_R2,C11_D6_R2_IS2
C11_D6_R2_IS3_1A,,C11,C11_D6,C11_D6_R2,C11_D6_R2_IS3
C11_D6_R2_IS3_1B,,C11,C11_D6,C11_D6_R2,C11_D6_R2_IS3
C11_D6_R2_IS3_2A,,C11,C11_D6,C11_D6_R2,C11_D6_R2_IS3
C11_D6_R2_IS3_2B,,C11,C11_D6,C11_D6_R2,C11_D6_R2_IS3
C11_D6_R3_IS1_1A,,C11,C11_D6,C11_D6_R3,C11_D6_R3_IS1
C11_D6_R3_IS1_1B,,C11,C11_D6,C11_D6_R3,C11_D6_R3_IS1
C11_D6_R3_IS1_2A,,C11,C11_D6,C11_D6_R3,C11_D6_R3_IS1
C11_D6_R3_IS1_2B,,C11,C11_D6,C11_D6_R3,C11_D6_R3_IS1
C11_D6_R3_IS2_1A,,C11,C11_D6,C11_D6_R3,C11_D6_R3_IS2
C11_D6_R3_IS2_1B,,C11,C11_D6,C11_D6_R3,C11_D6_R3_IS2
C11_D6_R3_IS2_2A,,C11,C11_D6,C11_D6_R3,C11_D6_R3_IS2
C11_D6_R3_IS2_2B,,C11,C11_D6,C11_D6_R3,C11_D6_R3_IS2
C11_D6_R3_IS3_1A,,C11,C11_D6,C11_D6_R3,C11_D6_R3_IS3
C11_D6_R3_IS3_1B,,C11,C11_D6,C11_D6_R3,C11_D6_R3_IS3
C11_D6_R3_IS3_2A,,C11,C11_D6,C11_D6_R3,C11_D6_R3_IS3
C11_D6_R3_IS3_2B,,C11,C11_D6,C11_D6_R3,C11_D6_R3_IS3
C12_D1_R1_IS1_1A,,C12,C12_D1,C12_D1_R1,C12_D1_R1_IS1
C12_D1_R1_IS1_1B,,C12,C12_D1,C12_D1_R1,C12_D1_R1_IS1
C12_D1_R1_IS1_2A,,C12,C12_D1,C12_D1_R1,C12_D1_R1_IS1
C12_D1_R1_IS1_2B,,C12,C12_D1,C12_D1_R1,C12_D1_R1_IS1
C12_D1_R1_IS2_1A,,C12,C12_D1,C12_D1_R1,C12_D1_R1_IS2
C12_D1_R1_IS2_1B,,C12,C12_D1,C12_D1_R1,C12_D1_R1_IS2
C12_D1_R1_IS2_2A,,C12,C12_D1,C12_D1_R1,C12_D1_R1_IS2
C12_D1_R1_IS2_2B,,C12,C12_D1,C12_D1_R1,C12_D1_R1_IS2
C12_D1_R1_IS3_1A,,C12,C12_D1,C12_D1_R1,C12_D1_R1_IS3
C12_D1_R1_IS3_1B,,C12,C12_D1,C12_D1_R1,C12_D1_R1_IS3
C12_D1_R1_IS3_2A,,C12,C12_D1,C12_D1_R1,C12_D1_R1_IS3
C12_D1_R1_IS3_2B,,C12,C12_D1,C12_D1_R1,C12_D1_R1_IS3
C12_D1_R2_IS1_1A,,C12,C12_D1,C12_D1_R2,C12_D1_R2_IS1
C12_D1_R2_IS1_1B,,C12,C12_D1,C12_D1_R2,C12_D1_R2_IS1
C12_D1_R2_IS1_2A,,C12,C12_D1,C12_D1_R2,C12_D1_R2_IS1
C12_D1_R2_IS1_2B,,C12,C12_D1,C12_D1_R2,C12_D1_R2_IS1
C12_D1_R2_IS2_1A,,C12,C12_D1,C12_D1_R2,C12_D1_R2_IS2
C12_D1_R2_IS2_1B,,C12,C12_D1,C12_D1_R2,C12_D1_R2_IS2
C12_D1_R2_IS2_2A,,C12,C12_D1,C12_D1_R2,C12_D1_R2_IS2
C12_D1_R2_IS2_2B,,C12,C12_D1,C12_D1_R2,C12_D1_R2_IS2
C12_D1_R2_IS3_1A,,C12,C12_D1,C12_D1_R2,C12_D1_R2_IS3
C12_D1_R2_IS3_1B,,C12,C12_D1,C12_D1_R2,C12_D1_R2_IS3
C12_D1_R2_IS3_2A,,C12,C12_D1,C12_D1_R2,C12_D1_R2_IS3
C12_D1_R2_IS3_2B,,C12,C12_D1,C12_D1_R2,C12_D1_R2_IS3
C12_D1_R3_IS1_1A,,C12,C12_D1,C12_D1_R3,C12_D1_R3_IS1
C12_D1_R3_IS1_1B,,C12,C12_D1,C12_D1_R3,C12_D1_R3_IS1
C12_D1_R3_IS1_2A,,C12,C12_D1,C12_D1_R3,C12_D1_R3_IS1
C12_D1_R3_IS1_2B,,C12,C12_D1,C12_D1_R3,C12_D1_R3_IS1
C12_D1_R3_IS3_1A,,C12,C12_D1,C12_D1_R3,C12_D1_R3_IS3
C12_D1_R3_IS3_1B,,C12,C12_D1,C12_D1_R3,C12_D1_R3_IS3
C12_D1_R3_IS3_2A,,C12,C12_D1,C12_D1_R3,C12_D1_R3_IS3
C12_D1_R3_IS3_2B,,C12,C12_D1,C12_D1_R3,C12_D1_R3_IS3
C14_D3_R1_IS1_1A,,C14,C14_D3,C14_D3_R1,C14_D3_R1_IS1
C14_D3_R1_IS1_1B,,C14,C14_D3,C14_D3_R1,C14_D3_R1_IS1
C14_D3_R1_IS1_2A,,C14,C14_D3,C14_D3_R1,C14_D3_R1_IS1
C14_D3_R1_IS1_2B,,C14,C14_D3,C14_D3_R1,C14_D3_R1_IS1
C14_D3_R1_IS2_1A,,C14,C14_D3,C14_D3_R1,C14_D3_R1_IS2
C14_D3_R1_IS2_1B,,C14,C14_D3,C14_D3_R1,C14_D3_R1_IS2
C14_D3_R1_IS2_2A,,C14,C14_D3,C14_D3_R1,C14_D3_R1_IS2
C14_D3_R1_IS2_2B,,C14,C14_D3,C14_D3_R1,C14_D3_R1_IS2
C14_D3_R1_IS3_1A,,C14,C14_D3,C14_D3_R1,C14_D3_R1_IS3
C14_D3_R1_IS3_1B,,C14,C14_D3,C14_D3_R1,C14_D3_R1_IS3
C14_D3_R1_IS3_2A,,C14,C14_D3,C14_D3_R1,C14_D3_R1_IS3
C14_D3_R1_IS3_2B,,C14,C14_D3,C14_D3_R1,C14_D3_R1_IS3
C14_D3_R2_IS1_1A,,C14,C14_D3,C14_D3_R2,C14_D3_R2_IS1
C14_D3_R2_IS1_1B,,C14,C14_D3,C14_D3_R2,C14_D3_R2_IS1
C14_D3_R2_IS1_2A,,C14,C14_D3,C14_D3_R2,C14_D3_R2_IS1
C14_D3_R2_IS1_2B,,C14,C14_D3,C14_D3_R2,C14_D3_R2_IS1
C14_D3_R2_IS2_1A,,C14,C14_D3,C14_D3_R2,C14_D3_R2_IS2
C14_D3_R2_IS2_1B,,C14,C14_D3,C14_D3_R2,C14_D3_R2_IS2
C14_D3_R2_IS2_2A,,C14,C14_D3,C14_D3_R2,C14_D3_R2_IS2
C14_D3_R2_IS2_2B,,C14,C14_D3,C14_D3_R2,C14_D3_R2_IS2
C14_D3_R3_IS1_1A,,C14,C14_D3,C14_D3_R3,C14_D3_R3_IS1
C14_D3_R3_IS1_1B,,C14,C14_D3,C14_D3_R3,C14_D3_R3_IS1
C14_D3_R3_IS1_2A,,C14,C14_D3,C14_D3_R3,C14_D3_R3_IS1
C14_D3_R3_IS1_2B,,C14,C14_D3,C14_D3_R3,C14_D3_R3_IS1
C14_D3_R3_IS2_1A,,C14,C14_D3,C14_D3_R3,C14_D3_R3_IS2
C14_D3_R3_IS2_1B,,C14,C14_D3,C14_D3_R3,C14_D3_R3_IS2
C14_D3_R3_IS2_2A,,C14,C14_D3,C14_D3_R3,C14_D3_R3_IS2
C14_D3_R3_IS2_2B,,C14,C14_D3,C14_D3_R3,C14_D3_R3_IS2
C14_D3_R3_IS3_1A,,C14,C14_D3,C14_D3_R3,C14_D3_R3_IS3
C14_D3_R3_IS3_1B,,C14,C14_D3,C14_D3_R3,C14_D3_R3_IS3
C14_D3_R3_IS3_2A,,C14,C14_D3,C14_D3_R3,C14_D3_R3_IS3
C14_D3_R3_IS3_2B,,C14,C14_D3,C14_D3_R3,C14_D3_R3_IS3
C16_D1_R1_IS1_1A,,C16,C16_D1,C16_D1_R1,C16_D1_R1_IS1
C16_D1_R1_IS1_1B,,C16,C16_D1,C16_D1_R1,C16_D1_R1_IS1
C16_D1_R1_IS1_2A,,C16,C16_D1,C16_D1_R1,C16_D1_R1_IS1
C16_D1_R1_IS1_2B,,C16,C16_D1,C16_D1_R1,C16_D1_R1_IS1
C16_D1_R1_IS2_1A,,C16,C16_D1,C16_D1_R1,C16_D1_R1_IS2
C16_D1_R1_IS2_1B,,C16,C16_D1,C16_D1_R1,C16_D1_R1_IS2
C16_D1_R1_IS2_2A,,C16,C16_D1,C16_D1_R1,C16_D1_R1_IS2
C16_D1_R1_IS2_2B,,C16,C16_D1,C16_D1_R1,C16_D1_R1_IS2
C16_D1_R1_IS3_1A,,C16,C16_D1,C16_D1_R1,C16_D1_R1_IS3
C16_D1_R1_IS3_1B,,C16,C16_D1,C16_D1_R1,C16_D1_R1_IS3
C16_D1_R1_IS3_2A,,C16,C16_D1,C16_D1_R1,C16_D1_R1_IS3
C16_D1_R1_IS3_2B,,C16,C16_D1,C16_D1_R1,C16_D1_R1_IS3
C16_D1_R2_IS1_1A,,C16,C16_D1,C16_D1_R2,C16_D1_R2_IS1
C16_D1_R2_IS1_1B,,C16,C16_D1,C16_D1_R2,C16_D1_R2_IS1
C16_D1_R2_IS1_2A,,C16,C16_D1,C16_D1_R2,C16_D1_R2_IS1
C16_D1_R2_IS1_2B,,C16,C16_D1,C16_D1_R2,C16_D1_R2_IS1
C16_D1_R2_IS2_1A,,C16,C16_D1,C16_D1_R2,C16_D1_R2_IS2
C16_D1_R2_IS2_1B,,C16,C16_D1,C16_D1_R2,C16_D1_R2_IS2
C16_D1_R2_IS2_2A,,C16,C16_D1,C16_D1_R2,C16_D1_R2_IS2
C16_D1_R2_IS2_2B,,C16,C16_D1,C16_D1_R2,C16_D1_R2_IS2
C16_D1_R2_IS3_1A,,C16,C16_D1,C16_D1_R2,C16_D1_R2_IS3
C16_D1_R2_IS3_1B,,C16,C16_D1,C16_D1_R2,C16_D1_R2_IS3
C16_D1_R2_IS3_2A,,C16,C16_D1,C16_D1_R2,C16_D1_R2_IS3
C16_D1_R2_IS3_2B,,C16,C16_D1,C16_D1_R2,C16_D1_R2_IS3
C16_D1_R3_IS1_1A,,C16,C16_D1,C16_D1_R3,C16_D1_R3_IS1
C16_D1_R3_IS1_1B,,C16,C16_D1,C16_D1_R3,C16_D1_R3_IS1
C16_D1_R3_IS1_2A,,C16,C16_D1,C16_D1_R3,C16_D1_R3_IS1
C16_D1_R3_IS1_2B,,C16,C16_D1,C16_D1_R3,C16_D1_R3_IS1
C16_D1_R3_IS2_1A,,C16,C16_D1,C16_D1_R3,C16_D1_R3_IS2
C16_D1_R3_IS2_1B,,C16,C16_D1,C16_D1_R3,C16_D1_R3_IS2
C16_D1_R3_IS2_2A,,C16,C16_D1,C16_D1_R3,C16_D1_R3_IS2
C16_D1_R3_IS2_2B,,C16,C16_D1,C16_D1_R3,C16_D1_R3_IS2
C16_D1_R3_IS3_1A,,C16,C16_D1,C16_D1_R3,C16_D1_R3_IS3
C16_D1_R3_IS3_1B,,C16,C16_D1,C16_D1_R3,C16_D1_R3_IS3
C16_D1_R3_IS3_2A,,C16,C16_D1,C16_D1_R3,C16_D1_R3_IS3
C16_D1_R3_IS3_2B,,C16,C16_D1,C16_D1_R3,C16_D1_R3_IS3
C17_D3_R1_IS2_1A,,C17,C17_D3,C17_D3_R1,C17_D3_R1_IS2
C17_D3_R1_IS2_1B,,C17,C17_D3,C17_D3_R1,C17_D3_R1_IS2
C17_D3_R1_IS2_2A,,C17,C17_D3,C17_D3_R1,C17_D3_R1_IS2
C17_D3_R1_IS2_2B,,C17,C17_D3,C17_D3_R1,C17_D3_R1_IS2
C17_D3_R1_IS3_1A,,C17,C17_D3,C17_D3_R1,C17_D3_R1_IS3
C17_D3_R1_IS3_1B,,C17,C17_D3,C17_D3_R1,C17_D3_R1_IS3
C17_D3_R1_IS3_2A,,C17,C17_D3,C17_D3_R1,C17_D3_R1_IS3
C17_D3_R1_IS3_2B,,C17,C17_D3,C17_D3_R1,C17_D3_R1_IS3
C17_D3_R2_IS1_1A,,C17,C17_D3,C17_D3_R2,C17_D3_R2_IS1
C17_D3_R2_IS1_1B,,C17,C17_D3,C17_D3_R2,C17_D3_R2_IS1
C17_D3_R2_IS1_2A,,C17,C17_D3,C17_D3_R2,C17_D3_R2_IS1
C17_D3_R2_IS1_2B,,C17,C17_D3,C17_D3_R2,C17_D3_R2_IS1
C17_D3_R2_IS2_1A,,C17,C17_D3,C17_D3_R2,C17_D3_R2_IS2
C17_D3_R2_IS2_1B,,C17,C17_D3,C17_D3_R2,C17_D3_R2_IS2
C17_D3_R2_IS2_2A,,C17,C17_D3,C17_D3_R2,C17_D3_R2_IS2
C17_D3_R2_IS2_2B,,C17,C17_D3,C17_D3_R2,C17_D3_R2_IS2
C17_D3_R2_IS3_1A,,C17,C17_D3,C17_D3_R2,C17_D3_R2_IS3
C17_D3_R2_IS3_1B,,C17,C17_D3,C17_D3_R2,C17_D3_R2_IS3
C17_D3_R2_IS3_2A,,C17,C17_D3,C17_D3_R2,C17_D3_R2_IS3
C17_D3_R2_IS3_2B,,C17,C17_D3,C17_D3_R2,C17_D3_R2_IS3
C17_D3_R3_IS1_1A,,C17,C17_D3,C17_D3_R3,C17_D3_R3_IS1
C17_D3_R3_IS1_1B,,C17,C17_D3,C17_D3_R3,C17_D3_R3_IS1
C17_D3_R3_IS1_2A,,C17,C17_D3,C17_D3_R3,C17_D3_R3_IS1
C17_D3_R3_IS1_2B,,C17,C17_D3,C17_D3_R3,C17_D3_R3_IS1
C17_D3_R3_IS2_1A,,C17,C17_D3,C17_D3_R3,C17_D3_R3_IS2
C17_D3_R3_IS2_1B,,C17,C17_D3,C17_D3_R3,C17_D3_R3_IS2
C17_D3_R3_IS2_2A,,C17,C17_D3,C17_D3_R3,C17_D3_R3_IS2
C17_D3_R3_IS2_2B,,C17,C17_D3,C17_D3_R3,C17_D3_R3_IS2
C17_D3_R3_IS3_1A,,C17,C17_D3,C17_D3_R3,C17_D3_R3_IS3
C17_D3_R3_IS3_1B,,C17,C17_D3,C17_D3_R3,C17_D3_R3_IS3
C17_D3_R3_IS3_2A,,C17,C17_D3,C17_D3_R3,C17_D3_R3_IS3
C17_D3_R3_IS3_2B,,C17,C17_D3,C17_D3_R3,C17_D3_R3_IS3
C18_D3_R1_IS1_1A,,C18,C18_D3,C18_D3_R1,C18_D3_R1_IS1
C18_D3_R1_IS1_1B,,C18,C18_D3,C18_D3_R1,C18_D3_R1_IS1
C18_D3_R1_IS1_2A,,C18,C18_D3,C18_D3_R1,C18_D3_R1_IS1
C18_D3_R1_IS1_2B,,C18,C18_D3,C18_D3_R1,C18_D3_R1_IS1
C18_D3_R1_IS2_1A,,C18,C18_D3,C18_D3_R1,C18_D3_R1_IS2
C18_D3_R1_IS2_1B,,C18,C18_D3,C18_D3_R1,C18_D3_R1_IS2
C18_D3_R1_IS2_2A,,C18,C18_D3,C18_D3_R1,C18_D3_R1_IS2
C18_D3_R1_IS2_2B,,C18,C18_D3,C18_D3_R1,C18_D3_R1_IS2
C18_D3_R1_IS3_1A,,C18,C18_D3,C18_D3_R1,C18_D3_R1_IS3
C18_D3_R1_IS3_1B,,C18,C18_D3,C18_D3_R1,C18_D3_R1_IS3
C18_D3_R1_IS3_2A,,C18,C18_D3,C18_D3_R1,C18_D3_R1_IS3
C18_D3_R1_IS3_2B,,C18,C18_D3,C18_D3_R1,C18_D3_R1_IS3
C18_D3_R2_IS1_1A,,C18,C18_D3,C18_D3_R2,C18_D3_R2_IS1
C18_D3_R2_IS1_1B,,C18,C18_D3,C18_D3_R2,C18_D3_R2_IS1
C18_D3_R2_IS1_2A,,C18,C18_D3,C18_D3_R2,C18_D3_R2_IS1
C18_D3_R2_IS1_2B,,C18,C18_D3,C18_D3_R2,C18_D3_R2_IS1
C18_D3_R2_IS2_1A,,C18,C18_D3,C18_D3_R2,C18_D3_R2_IS2
C18_D3_R2_IS2_1B,,C18,C18_D3,C18_D3_R2,C18_D3_R2_IS2
C18_D3_R2_IS2_2A,,C18,C18_D3,C18_D3_R2,C18_D3_R2_IS2
C18_D3_R2_IS2_2B,,C18,C18_D3,C18_D3_R2,C18_D3_R2_IS2
C18_D3_R2_IS3_1A,,C18,C18_D3,C18_D3_R2,C18_D3_R2_IS3
C18_D3_R2_IS3_1B,,C18,C18_D3,C18_D3_R2,C18_D3_R2_IS3
C18_D3_R2_IS3_2A,,C18,C18_D3,C18_D3_R2,C18_D3_R2_IS3
C18_D3_R2_IS3_2B,,C18,C18_D3,C18_D3_R2,C18_D3_R2_IS3
C18_D3_R3_IS1_1A,,C18,C18_D3,C18_D3_R3,C18_D3_R3_IS1
C18_D3_R3_IS1_1B,,C18,C18_D3,C18_D3_R3,C18_D3_R3_IS1
C18_D3_R3_IS1_2A,,C18,C18_D3,C18_D3_R3,C18_D3_R3_IS1
C18_D3_R3_IS1_2B,,C18,C18_D3,C18_D3_R3,C18_D3_R3_IS1
C18_D3_R3_IS2_1A,,C18,C18_D3,C18_D3_R3,C18_D3_R3_IS2
C18_D3_R3_IS2_1B,,C18,C18_D3,C18_D3_R3,C18_D3_R3_IS2
C18_D3_R3_IS2_2A,,C18,C18_D3,C18_D3_R3,C18_D3_R3_IS2
C18_D3_R3_IS2_2B,,C18,C18_D3,C18_D3_R3,C18_D3_R3_IS2
C18_D3_R3_IS3_1A,,C18,C18_D3,C18_D3_R3,C18_D3_R3_IS3
C18_D3_R3_IS3_1B,,C18,C18_D3,C18_D3_R3,C18_D3_R3_IS3
C18_D3_R3_IS3_2A,,C18,C18_D3,C18_D3_R3,C18_D3_R3_IS3
C18_D3_R3_IS3_2B,,C18,C18_D3,C18_D3_R3,C18_D3_R3_IS3
C19_D1_R1_IS1_1A,,C19,C19_D1,C19_D1_R1,C19_D1_R1_IS1
C19_D1_R1_IS1_1B,,C19,C19_D1,C19_D1_R1,C19_D1_R1_IS1
C19_D1_R1_IS1_2A,,C19,C19_D1,C19_D1_R1,C19_D1_R1_IS1
C19_D1_R1_IS1_2B,,C19,C19_D1,C19_D1_R1,C19_D1_R1_IS1
C19_D1_R1_IS2_1A,,C19,C19_D1,C19_D1_R1,C19_D1_R1_IS2
C19_D1_R1_IS2_1B,,C19,C19_D1,C19_D1_R1,C19_D1_R1_IS2
C19_D1_R1_IS2_2A,,C19,C19_D1,C19_D1_R1,C19_D1_R1_IS2
C19_D1_R1_IS2_2B,,C19,C19_D1,C19_D1_R1,C19_D1_R1_IS2
C19_D1_R1_IS3_1A,,C19,C19_D1,C19_D1_R1,C19_D1_R1_IS3
C19_D1_R1_IS3_1B,,C19,C19_D1,C19_D1_R1,C19_D1_R1_IS3
C19_D1_R1_IS3_2A,,C19,C19_D1,C19_D1_R1,C19_D1_R1_IS3
C19_D1_R1_IS3_2B,,C19,C19_D1,C19_D1_R1,C19_D1_R1_IS3
C19_D1_R2_IS1_1A,,C19,C19_D1,C19_D1_R2,C19_D1_R2_IS1
C19_D1_R2_IS1_1B,,C19,C19_D1,C19_D1_R2,C19_D1_R2_IS1
C19_D1_R2_IS1_2A,,C19,C19_D1,C19_D1_R2,C19_D1_R2_IS1
C19_D1_R2_IS1_2B,,C19,C19_D1,C19_D1_R2,C19_D1_R2_IS1
C19_D1_R2_IS2_1A,,C19,C19_D1,C19_D1_R2,C19_D1_R2_IS2
C19_D1_R2_IS2_1B,,C19,C19_D1,C19_D1_R2,C19_D1_R2_IS2
C19_D1_R2_IS2_2A,,C19,C19_D1,C19_D1_R2,C19_D1_R2_IS2
C19_D1_R2_IS2_2B,,C19,C19_D1,C19_D1_R2,C19_D1_R2_IS2
C19_D1_R2_IS3_1A,,C19,C19_D1,C19_D1_R2,C19_D1_R2_IS3
C19_D1_R2_IS3_1B,,C19,C19_D1,C19_D1_R2,C19_D1_R2_IS3
C19_D1_R2_IS3_2A,,C19,C19_D1,C19_D1_R2,C19_D1_R2_IS3
C19_D1_R2_IS3_2B,,C19,C19_D1,C19_D1_R2,C19_D1_R2_IS3
C19_D1_R3_IS1_1A,,C19,C19_D1,C19_D1_R3,C19_D1_R3_IS1
C19_D1_R3_IS1_1B,,C19,C19_D1,C19_D1_R3,C19_D1_R3_IS1
C19_D1_R3_IS1_2A,,C19,C19_D1,C19_D1_R3,C19_D1_R3_IS1
C19_D1_R3_IS1_2B,,C19,C19_D1,C19_D1_R3,C19_D1_R3_IS1
C19_D1_R3_IS2_1A,,C19,C19_D1,C19_D1_R3,C19_D1_R3_IS2
C19_D1_R3_IS2_1B,,C19,C19_D1,C19_D1_R3,C19_D1_R3_IS2
C19_D1_R3_IS2_2A,,C19,C19_D1,C19_D1_R3,C19_D1_R3_IS2
C19_D1_R3_IS2_2B,,C19,C19_D1,C19_D1_R3,C19_D1_R3_IS2
C19_D1_R3_IS3_1A,,C19,C19_D1,C19_D1_R3,C19_D1_R3_IS3
C19_D1_R3_IS3_1B,,C19,C19_D1,C19_D1_R3,C19_D1_R3_IS3
C19_D1_R3_IS3_2A,,C19,C19_D1,C19_D1_R3,C19_D1_R3_IS3
C19_D1_R3_IS3_2B,,C19,C19_D1,C19_D1_R3,C19_D1_R3_IS3
C21_D1_R1_IS2_1A,,C21,C21_D1,C21_D1_R1,C21_D1_R1_IS2
C21_D1_R1_IS2_1B,,C21,C21_D1,C21_D1_R1,C21_D1_R1_IS2
C21_D1_R1_IS2_2A,,C21,C21_D1,C21_D1_R1,C21_D1_R1_IS2
C21_D1_R1_IS2_2B,,C21,C21_D1,C21_D1_R1,C21_D1_R1_IS2
C21_D1_R2_IS2_1A,,C21,C21_D1,C21_D1_R2,C21_D1_R2_IS2
C21_D1_R2_IS2_1B,,C21,C21_D1,C21_D1_R2,C21_D1_R2_IS2
C21_D1_R2_IS2_2A,,C21,C21_D1,C21_D1_R2,C21_D1_R2_IS2
C21_D1_R2_IS2_2B,,C21,C21_D1,C21_D1_R2,C21_D1_R2_IS2
C21_D1_R3_IS1_1A,,C21,C21_D1,C21_D1_R3,C21_D1_R3_IS1
C21_D1_R3_IS1_1B,,C21,C21_D1,C21_D1_R3,C21_D1_R3_IS1
C21_D1_R3_IS1_2A,,C21,C21_D1,C21_D1_R3,C21_D1_R3_IS1
C21_D1_R3_IS1_2B,,C21,C21_D1,C21_D1_R3,C21_D1_R3_IS1
C21_D1_R3_IS2_1A,,C21,C21_D1,C21_D1_R3,C21_D1_R3_IS2
C21_D1_R3_IS2_1B,,C21,C21_D1,C21_D1_R3,C21_D1_R3_IS2
C21_D1_R3_IS2_2A,,C21,C21_D1,C21_D1_R3,C21_D1_R3_IS2
C21_D1_R3_IS2_2B,,C21,C21_D1,C21_D1_R3,C21_D1_R3_IS2
C21_D3_R1_IS1_1A,,C21,C21_D3,C21_D3_R1,C21_D3_R1_IS1
C21_D3_R1_IS1_1B,,C21,C21_D3,C21_D3_R1,C21_D3_R1_IS1
C21_D3_R1_IS1_2A,,C21,C21_D3,C21_D3_R1,C21_D3_R1_IS1
C21_D3_R1_IS1_2B,,C21,C21_D3,C21_D3_R1,C21_D3_R1_IS1
C21_D3_R1_IS2_1A,,C21,C21_D3,C21_D3_R1,C21_D3_R1_IS2
C21_D3_R1_IS2_1B,,C21,C21_D3,C21_D3_R1,C21_D3_R1_IS2
C21_D3_R1_IS2_2A,,C21,C21_D3,C21_D3_R1,C21_D3_R1_IS2
C21_D3_R1_IS2_2B,,C21,C21_D3,C21_D3_R1,C21_D3_R1_IS2
C21_D3_R1_IS3_1A,,C21,C21_D3,C21_D3_R1,C21_D3_R1_IS3
C21_D3_R1_IS3_1B,,C21,C21_D3,C21_D3_R1,C21_D3_R1_IS3
C21_D3_R1_IS3_2A,,C21,C21_D3,C21_D3_R1,C21_D3_R1_IS3
C21_D3_R1_IS3_2B,,C21,C21_D3,C21_D3_R1,C21_D3_R1_IS3
C21_D3_R2_IS2_1A,,C21,C21_D3,C21_D3_R2,C21_D3_R2_IS2
C21_D3_R2_IS2_1B,,C21,C21_D3,C21_D3_R2,C21_D3_R2_IS2
C21_D3_R2_IS2_2A,,C21,C21_D3,C21_D3_R2,C21_D3_R2_IS2
C21_D3_R2_IS2_2B,,C21,C21_D3,C21_D3_R2,C21_D3_R2_IS2
C21_D3_R2_IS3_1A,,C21,C21_D3,C21_D3_R2,C21_D3_R2_IS3
C21_D3_R2_IS3_1B,,C21,C21_D3,C21_D3_R2,C21_D3_R2_IS3
C21_D3_R2_IS3_2A,,C21,C21_D3,C21_D3_R2,C21_D3_R2_IS3
C21_D3_R2_IS3_2B,,C21,C21_D3,C21_D3_R2,C21_D3_R2_IS3
C21_D3_R3_IS1_1A,,C21,C21_D3,C21_D3_R3,C21_D3_R3_IS1
C21_D3_R3_IS1_1B,,C21,C21_D3,C21_D3_R3,C21_D3_R3_IS1
C21_D3_R3_IS1_2A,,C21,C21_D3,C21_D3_R3,C21_D3_R3_IS1
C21_D3_R3_IS1_2B,,C21,C21_D3,C21_D3_R3,C21_D3_R3_IS1
C21_D3_R3_IS3_1A,,C21,C21_D3,C21_D3_R3,C21_D3_R3_IS3
C21_D3_R3_IS3_1B,,C21,C21_D3,C21_D3_R3,C21_D3_R3_IS3
C21_D3_R3_IS3_2A,,C21,C21_D3,C21_D3_R3,C21_D3_R3_IS3
C21_D3_R3_IS3_2B,,C21,C21_D3,C21_D3_R3,C21_D3_R3_IS3
C23_D1_R1_IS2_1A,,C23,C23_D1,C23_D1_R1,C23_D1_R1_IS2
C23_D1_R1_IS2_1B,,C23,C23_D1,C23_D1_R1,C23_D1_R1_IS2
C23_D1_R1_IS2_2A,,C23,C23_D1,C23_D1_R1,C23_D1_R1_IS2
C23_D1_R1_IS2_2B,,C23,C23_D1,C23_D1_R1,C23_D1_R1_IS2
C24_D3_R1_IS2_1A,,C24,C24_D3,C24_D3_R1,C24_D3_R1_IS2
C24_D3_R1_IS2_1B,,C24,C24_D3,C24_D3_R1,C24_D3_R1_IS2
C24_D3_R1_IS2_2A,,C24,C24_D3,C24_D3_R1,C24_D3_R1_IS2
C24_D3_R1_IS2_2B,,C24,C24_D3,C24_D3_R1,C24_D3_R1_IS2
C24_D3_R1_IS3_1A,,C24,C24_D3,C24_D3_R1,C24_D3_R1_IS3
C24_D3_R1_IS3_1B,,C24,C24_D3,C24_D3_R1,C24_D3_R1_IS3
C24_D3_R1_IS3_2A,,C24,C24_D3,C24_D3_R1,C24_D3_R1_IS3
C24_D3_R1_IS3_2B,,C24,C24_D3,C24_D3_R1,C24_D3_R1_IS3
C24_D3_R2_IS1_1A,,C24,C24_D3,C24_D3_R2,C24_D3_R2_IS1
C24_D3_R2_IS1_1B,,C24,C24_D3,C24_D3_R2,C24_D3_R2_IS1
C24_D3_R2_IS1_2A,,C24,C24_D3,C24_D3_R2,C24_D3_R2_IS1
C24_D3_R2_IS1_2B,,C24,C24_D3,C24_D3_R2,C24_D3_R2_IS1
C24_D3_R2_IS2_1A,,C24,C24_D3,C24_D3_R2,C24_D3_R2_IS2
C24_D3_R2_IS2_1B,,C24,C24_D3,C24_D3_R2,C24_D3_R2_IS2
C24_D3_R2_IS2_2A,,C24,C24_D3,C24_D3_R2,C24_D3_R2_IS2
C24_D3_R2_IS2_2B,,C24,C24_D3,C24_D3_R2,C24_D3_R2_IS2
C24_D3_R2_IS3_1A,,C24,C24_D3,C24_D3_R2,C24_D3_R2_IS3
C24_D3_R2_IS3_1B,,C24,C24_D3,C24_D3_R2,C24_D3_R2_IS3
C24_D3_R2_IS3_2A,,C24,C24_D3,C24_D3_R2,C24_D3_R2_IS3
C24_D3_R2_IS3_2B,,C24,C24_D3,C24_D3_R2,C24_D3_R2_IS3
C24_D3_R3_IS2_1A,,C24,C24_D3,C24_D3_R3,C24_D3_R3_IS2
C24_D3_R3_IS2_1B,,C24,C24_D3,C24_D3_R3,C24_D3_R3_IS2
C24_D3_R3_IS2_2A,,C24,C24_D3,C24_D3_R3,C24_D3_R3_IS2
C24_D3_R3_IS2_2B,,C24,C24_D3,C24_D3_R3,C24_D3_R3_IS2
C24_D3_R3_IS3_1A,,C24,C24_D3,C24_D3_R3,C24_D3_R3_IS3
C24_D3_R3_IS3_1B,,C24,C24_D3,C24_D3_R3,C24_D3_R3_IS3
C24_D3_R3_IS3_2A,,C24,C24_D3,C24_D3_R3,C24_D3_R3_IS3
C24_D3_R3_IS3_2B,,C24,C24_D3,C24_D3_R3,C24_D3_R3_IS3
C25_D1_R1_IS1_1A,,C25,C25_D1,C25_D1_R1,C25_D1_R1_IS1
C25_D1_R1_IS1_1B,,C25,C25_D1,C25_D1_R1,C25_D1_R1_IS1
C25_D1_R1_IS1_2A,,C25,C25_D1,C25_D1_R1,C25_D1_R1_IS1
C25_D1_R1_IS1_2B,,C25,C25_D1,C25_D1_R1,C25_D1_R1_IS1
C25_D1_R1_IS3_1A,,C25,C25_D1,C25_D1_R1,C25_D1_R1_IS3
C25_D1_R1_IS3_1B,,C25,C25_D1,C25_D1_R1,C25_D1_R1_IS3
C25_D1_R1_IS3_2A,,C25,C25_D1,C25_D1_R1,C25_D1_R1_IS3
C25_D1_R1_IS3_2B,,C25,C25_D1,C25_D1_R1,C25_D1_R1_IS3
C25_D1_R2_IS1_1A,,C25,C25_D1,C25_D1_R2,C25_D1_R2_IS1
C25_D1_R2_IS1_1B,,C25,C25_D1,C25_D1_R2,C25_D1_R2_IS1
C25_D1_R2_IS1_2A,,C25,C25_D1,C25_D1_R2,C25_D1_R2_IS1
C25_D1_R2_IS1_2B,,C25,C25_D1,C25_D1_R2,C25_D1_R2_IS1
C25_D1_R2_IS2_1A,,C25,C25_D1,C25_D1_R2,C25_D1_R2_IS2
C25_D1_R2_IS2_1B,,C25,C25_D1,C25_D1_R2,C25_D1_R2_IS2
C25_D1_R2_IS2_2A,,C25,C25_D1,C25_D1_R2,C25_D1_R2_IS2
C25_D1_R2_IS2_2B,,C25,C25_D1,C25_D1_R2,C25_D1_R2_IS2
C25_D1_R2_IS3_1A,,C25,C25_D1,C25_D1_R2,C25_D1_R2_IS3
C25_D1_R2_IS3_1B,,C25,C25_D1,C25_D1_R2,C25_D1_R2_IS3
C25_D1_R2_IS3_2A,,C25,C25_D1,C25_D1_R2,C25_D1_R2_IS3
C25_D1_R2_IS3_2B,,C25,C25_D1,C25_D1_R2,C25_D1_R2_IS3
C25_D1_R3_IS1_1A,,C25,C25_D1,C25_D1_R3,C25_D1_R3_IS1
C25_D1_R3_IS1_1B,,C25,C25_D1,C25_D1_R3,C25_D1_R3_IS1
C25_D1_R3_IS1_2A,,C25,C25_D1,C25_D1_R3,C25_D1_R3_IS1
C25_D1_R3_IS1_2B,,C25,C25_D1,C25_D1_R3,C25_D1_R3_IS1
C25_D1_R3_IS2_1A,,C25,C25_D1,C25_D1_R3,C25_D1_R3_IS2
C25_D1_R3_IS2_1B,,C25,C25_D1,C25_D1_R3,C25_D1_R3_IS2
C25_D1_R3_IS2_2A,,C25,C25_D1,C25_D1_R3,C25_D1_R3_IS2
C25_D1_R3_IS2_2B,,C25,C25_D1,C25_D1_R3,C25_D1_R3_IS2
C25_D1_R3_IS3_1A,,C25,C25_D1,C25_D1_R3,C25_D1_R3_IS3
C25_D1_R3_IS3_1B,,C25,C25_D1,C25_D1_R3,C25_D1_R3_IS3
C25_D1_R3_IS3_2A,,C25,C25_D1,C25_D1_R3,C25_D1_R3_IS3
C25_D1_R3_IS3_2B,,C25,C25_D1,C25_D1_R3,C25_D1_R3_IS3
C26_D1_R1_IS1_1A,,C26,C26_D1,C26_D1_R1,C26_D1_R1_IS1
C26_D1_R1_IS1_1B,,C26,C26_D1,C26_D1_R1,C26_D1_R1_IS1
C26_D1_R1_IS1_2A,,C26,C26_D1,C26_D1_R1,C26_D1_R1_IS1
C26_D1_R1_IS1_2B,,C26,C26_D1,C26_D1_R1,C26_D1_R1_IS1
C26_D1_R1_IS2_1A,,C26,C26_D1,C26_D1_R1,C26_D1_R1_IS2
C26_D1_R1_IS2_1B,,C26,C26_D1,C26_D1_R1,C26_D1_R1_IS2
C26_D1_R1_IS2_2A,,C26,C26_D1,C26_D1_R1,C26_D1_R1_IS2
C26_D1_R1_IS2_2B,,C26,C26_D1,C26_D1_R1,C26_D1_R1_IS2
C26_D1_R2_IS1_1A,,C26,C26_D1,C26_D1_R2,C26_D1_R2_IS1
C26_D1_R2_IS1_1B,,C26,C26_D1,C26_D1_R2,C26_D1_R2_IS1
C26_D1_R2_IS1_2A,,C26,C26_D1,C26_D1_R2,C26_D1_R2_IS1
C26_D1_R2_IS1_2B,,C26,C26_D1,C26_D1_R2,C26_D1_R2_IS1
C26_D1_R2_IS2_1A,,C26,C26_D1,C26_D1_R2,C26_D1_R2_IS2
C26_D1_R2_IS2_1B,,C26,C26_D1,C26_D1_R2,C26_D1_R2_IS2
C26_D1_R2_IS2_2A,,C26,C26_D1,C26_D1_R2,C26_D1_R2_IS2
C26_D1_R2_IS2_2B,,C26,C26_D1,C26_D1_R2,C26_D1_R2_IS2
C26_D1_R2_IS3_1A,,C26,C26_D1,C26_D1_R2,C26_D1_R2_IS3
C26_D1_R2_IS3_1B,,C26,C26_D1,C26_D1_R2,C26_D1_R2_IS3
C26_D1_R2_IS3_2A,,C26,C26_D1,C26_D1_R2,C26_D1_R2_IS3
C26_D1_R2_IS3_2B,,C26,C26_D1,C26_D1_R2,C26_D1_R2_IS3
C26_D1_R3_IS1_1A,,C26,C26_D1,C26_D1_R3,C26_D1_R3_IS1
C26_D1_R3_IS1_1B,,C26,C26_D1,C26_D1_R3,C26_D1_R3_IS1
C26_D1_R3_IS1_2A,,C26,C26_D1,C26_D1_R3,C26_D1_R3_IS1
C26_D1_R3_IS1_2B,,C26,C26_D1,C26_D1_R3,C26_D1_R3_IS1
C26_D1_R3_IS3_1A,,C26,C26_D1,C26_D1_R3,C26_D1_R3_IS3
C26_D1_R3_IS3_1B,,C26,C26_D1,C26_D1_R3,C26_D1_R3_IS3
C26_D1_R3_IS3_2A,,C26,C26_D1,C26_D1_R3,C26_D1_R3_IS3
C26_D1_R3_IS3_2B,,C26,C26_D1,C26_D1_R3,C26_D1_R3_IS3
C27_D1_R1_IS1_1A,,C27,C27_D1,C27_D1_R1,C27_D1_R1_IS1
C27_D1_R1_IS1_1B,,C27,C27_D1,C27_D1_R1,C27_D1_R1_IS1
C27_D1_R1_IS1_2A,,C27,C27_D1,C27_D1_R1,C27_D1_R1_IS1
C27_D1_R2_IS3_1A,,C27,C27_D1,C27_D1_R2,C27_D1_R2_IS3
C27_D1_R2_IS3_1B,,C27,C27_D1,C27_D1_R2,C27_D1_R2_IS3
C27_D1_R2_IS3_2A,,C27,C27_D1,C27_D1_R2,C27_D1_R2_IS3
C27_D1_R2_IS3_2B,,C27,C27_D1,C27_D1_R2,C27_D1_R2_IS3
C27_D3_R1_IS1_1A,,C27,C27_D3,C27_D3_R1,C27_D3_R1_IS1
C27_D3_R1_IS1_1B,,C27,C27_D3,C27_D3_R1,C27_D3_R1_IS1
C27_D3_R1_IS1_2A,,C27,C27_D3,C27_D3_R1,C27_D3_R1_IS1
C27_D3_R1_IS1_2B,,C27,C27_D3,C27_D3_R1,C27_D3_R1_IS1
C27_D3_R1_IS2_1A,,C27,C27_D3,C27_D3_R1,C27_D3_R1_IS2
C27_D3_R1_IS2_1B,,C27,C27_D3,C27_D3_R1,C27_D3_R1_IS2
C27_D3_R1_IS2_2A,,C27,C27_D3,C27_D3_R1,C27_D3_R1_IS2
C27_D3_R1_IS2_2B,,C27,C27_D3,C27_D3_R1,C27_D3_R1_IS2
C27_D3_R2_IS1_1A,,C27,C27_D3,C27_D3_R2,C27_D3_R2_IS1
C27_D3_R2_IS1_1B,,C27,C27_D3,C27_D3_R2,C27_D3_R2_IS1
C27_D3_R2_IS1_2A,,C27,C27_D3,C27_D3_R2,C27_D3_R2_IS1
C27_D3_R2_IS1_2B,,C27,C27_D3,C27_D3_R2,C27_D3_R2_IS1
C27_D3_R2_IS2_1A,,C27,C27_D3,C27_D3_R2,C27_D3_R2_IS2
C27_D3_R2_IS2_1B,,C27,C27_D3,C27_D3_R2,C27_D3_R2_IS2
C27_D3_R2_IS2_2A,,C27,C27_D3,C27_D3_R2,C27_D3_R2_IS2
C27_D3_R2_IS2_2B,,C27,C27_D3,C27_D3_R2,C27_D3_R2_IS2
C27_D3_R2_IS3_1A,,C27,C27_D3,C27_D3_R2,C27_D3_R2_IS3
C27_D3_R2_IS3_1B,,C27,C27_D3,C27_D3_R2,C27_D3_R2_IS3
C27_D3_R2_IS3_2A,,C27,C27_D3,C27_D3_R2,C27_D3_R2_IS3
C27_D3_R2_IS3_2B,,C27,C27_D3,C27_D3_R2,C27_D3_R2_IS3
C28_D1_R1_IS1_1A,,C28,C28_D1,C28_D1_R1,C28_D1_R1_IS1
C28_D1_R1_IS1_1B,,C28,C28_D1,C28_D1_R1,C28_D1_R1_IS1
C28_D1_R1_IS1_2A,,C28,C28_D1,C28_D1_R1,C28_D1_R1_IS1
C28_D1_R1_IS1_2B,,C28,C28_D1,C28_D1_R1,C28_D1_R1_IS1
C28_D1_R1_IS3_1A,,C28,C28_D1,C28_D1_R1,C28_D1_R1_IS3
C28_D1_R1_IS3_1B,,C28,C28_D1,C28_D1_R1,C28_D1_R1_IS3
C28_D1_R1_IS3_2A,,C28,C28_D1,C28_D1_R1,C28_D1_R1_IS3
C28_D1_R1_IS3_2B,,C28,C28_D1,C28_D1_R1,C28_D1_R1_IS3
C28_D1_R2_IS1_1A,,C28,C28_D1,C28_D1_R2,C28_D1_R2_IS1
C28_D1_R2_IS1_1B,,C28,C28_D1,C28_D1_R2,C28_D1_R2_IS1
C28_D1_R2_IS1_2A,,C28,C28_D1,C28_D1_R2,C28_D1_R2_IS1
C28_D1_R2_IS1_2B,,C28,C28_D1,C28_D1_R2,C28_D1_R2_IS1
C28_D1_R2_IS2_1A,,C28,C28_D1,C28_D1_R2,C28_D1_R2_IS2
C28_D1_R2_IS2_1B,,C28,C28_D1,C28_D1_R2,C28_D1_R2_IS2
C28_D1_R2_IS2_2A,,C28,C28_D1,C28_D1_R2,C28_D1_R2_IS2
C28_D1_R2_IS2_2B,,C28,C28_D1,C28_D1_R2,C28_D1_R2_IS2
C28_D1_R2_IS3_1A,,C28,C28_D1,C28_D1_R2,C28_D1_R2_IS3
C28_D1_R2_IS3_1B,,C28,C28_D1,C28_D1_R2,C28_D1_R2_IS3
C28_D1_R2_IS3_2A,,C28,C28_D1,C28_D1_R2,C28_D1_R2_IS3
C28_D1_R2_IS3_2B,,C28,C28_D1,C28_D1_R2,C28_D1_R2_IS3
C28_D1_R3_IS2_1A,,C28,C28_D1,C28_D1_R3,C28_D1_R3_IS2
C28_D1_R3_IS2_1B,,C28,C28_D1,C28_D1_R3,C28_D1_R3_IS2
C28_D1_R3_IS2_2A,,C28,C28_D1,C28_D1_R3,C28_D1_R3_IS2
C28_D1_R3_IS2_2B,,C28,C28_D1,C28_D1_R3,C28_D1_R3_IS2
C29_D3_R1_IS1_1A,,C29,C29_D3,C29_D3_R1,C29_D3_R1_IS1
C29_D3_R1_IS1_1B,,C29,C29_D3,C29_D3_R1,C29_D3_R1_IS1
C29_D3_R1_IS1_2A,,C29,C29_D3,C29_D3_R1,C29_D3_R1_IS1
C29_D3_R1_IS1_2B,,C29,C29_D3,C29_D3_R1,C29_D3_R1_IS1
C29_D3_R1_IS2_1A,,C29,C29_D3,C29_D3_R1,C29_D3_R1_IS2
C29_D3_R1_IS2_1B,,C29,C29_D3,C29_D3_R1,C29_D3_R1_IS2
C29_D3_R1_IS2_2A,,C29,C29_D3,C29_D3_R1,C29_D3_R1_IS2
C29_D3_R1_IS2_2B,,C29,C29_D3,C29_D3_R1,C29_D3_R1_IS2
C29_D3_R1_IS3_1A,,C29,C29_D3,C29_D3_R1,C29_D3_R1_IS3
C29_D3_R1_IS3_1B,,C29,C29_D3,C29_D3_R1,C29_D3_R1_IS3
C29_D3_R1_IS3_2A,,C29,C29_D3,C29_D3_R1,C29_D3_R1_IS3
C29_D3_R1_IS3_2B,,C29,C29_D3,C29_D3_R1,C29_D3_R1_IS3
C29_D3_R2_IS1_1A,,C29,C29_D3,C29_D3_R2,C29_D3_R2_IS1
C29_D3_R2_IS1_1B,,C29,C29_D3,C29_D3_R2,C29_D3_R2_IS1
C29_D3_R2_IS1_2A,,C29,C29_D3,C29_D3_R2,C29_D3_R2_IS1
C29_D3_R2_IS1_2B,,C29,C29_D3,C29_D3_R2,C29_D3_R2_IS1
C29_D3_R2_IS2_1A,,C29,C29_D3,C29_D3_R2,C29_D3_R2_IS2
C29_D3_R2_IS2_1B,,C29,C29_D3,C29_D3_R2,C29_D3_R2_IS2
C29_D3_R2_IS2_2A,,C29,C29_D3,C29_D3_R2,C29_D3_R2_IS2
C29_D3_R2_IS2_2B,,C29,C29_D3,C29_D3_R2,C29_D3_R2_IS2
C29_D3_R2_IS3_1A,,C29,C29_D3,C29_D3_R2,C29_D3_R2_IS3
C29_D3_R2_IS3_1B,,C29,C29_D3,C29_D3_R2,C29_D3_R2_IS3
C29_D3_R2_IS3_2A,,C29,C29_D3,C29_D3_R2,C29_D3_R2_IS3
C29_D3_R2_IS3_2B,,C29,C29_D3,C29_D3_R2,C29_D3_R2_IS3
C29_D3_R3_IS1_1A,,C29,C29_D3,C29_D3_R3,C29_D3_R3_IS1
C29_D3_R3_IS1_1B,,C29,C29_D3,C29_D3_R3,C29_D3_R3_IS1
C29_D3_R3_IS1_2A,,C29,C29_D3,C29_D3_R3,C29_D3_R3_IS1
C29_D3_R3_IS1_2B,,C29,C29_D3,C29_D3_R3,C29_D3_R3_IS1
C29_D3_R3_IS2_1A,,C29,C29_D3,C29_D3_R3,C29_D3_R3_IS2
C29_D3_R3_IS2_1B,,C29,C29_D3,C29_D3_R3,C29_D3_R3_IS2
C29_D3_R3_IS2_2A,,C29,C29_D3,C29_D3_R3,C29_D3_R3_IS2
C29_D3_R3_IS2_2B,,C29,C29_D3,C29_D3_R3,C29_D3_R3_IS2
C29_D3_R3_IS3_1A,,C29,C29_D3,C29_D3_R3,C29_D3_R3_IS3
C29_D3_R3_IS3_1B,,C29,C29_D3,C29_D3_R3,C29_D3_R3_IS3
C29_D3_R3_IS3_2A,,C29,C29_D3,C29_D3_R3,C29_D3_R3_IS3
C29_D3_R3_IS3_2B,,C29,C29_D3,C29_D3_R3,C29_D3_R3_IS3
C30_D1_R1_IS1_1A,,C30,C30_D1,C30_D1_R1,C30_D1_R1_IS1
C30_D1_R1_IS1_1B,,C30,C30_D1,C30_D1_R1,C30_D1_R1_IS1
C30_D1_R1_IS1_2A,,C30,C30_D1,C30_D1_R1,C30_D1_R1_IS1
C30_D1_R1_IS1_2B,,C30,C30_D1,C30_D1_R1,C30_D1_R1_IS1
C30_D1_R1_IS2_1A,,C30,C30_D1,C30_D1_R1,C30_D1_R1_IS2
C30_D1_R1_IS2_1B,,C30,C30_D1,C30_D1_R1,C30_D1_R1_IS2
C30_D1_R1_IS2_2A,,C30,C30_D1,C30_D1_R1,C30_D1_R1_IS2
C30_D1_R1_IS2_2B,,C30,C30_D1,C30_D1_R1,C30_D1_R1_IS2
C30_D1_R1_IS3_1A,,C30,C30_D1,C30_D1_R1,C30_D1_R1_IS3
C30_D1_R1_IS3_1B,,C30,C30_D1,C30_D1_R1,C30_D1_R1_IS3
C30_D1_R1_IS3_2A,,C30,C30_D1,C30_D1_R1,C30_D1_R1_IS3
C30_D1_R1_IS3_2B,,C30,C30_D1,C30_D1_R1,C30_D1_R1_IS3
C30_D1_R2_IS1_1A,,C30,C30_D1,C30_D1_R2,C30_D1_R2_IS1
C30_D1_R2_IS1_1B,,C30,C30_D1,C30_D1_R2,C30_D1_R2_IS1
C30_D1_R2_IS1_2A,,C30,C30_D1,C30_D1_R2,C30_D1_R2_IS1
C30_D1_R2_IS1_2B,,C30,C30_D1,C30_D1_R2,C30_D1_R2_IS1
C30_D1_R2_IS2_1A,,C30,C30_D1,C30_D1_R2,C30_D1_R2_IS2
C30_D1_R2_IS2_1B,,C30,C30_D1,C30_D1_R2,C30_D1_R2_IS2
C30_D1_R2_IS2_2A,,C30,C30_D1,C30_D1_R2,C30_D1_R2_IS2
C30_D1_R2_IS2_2B,,C30,C30_D1,C30_D1_R2,C30_D1_R2_IS2
C30_D1_R2_IS3_1A,,C30,C30_D1,C30_D1_R2,C30_D1_R2_IS3
C30_D1_R2_IS3_1B,,C30,C30_D1,C30_D1_R2,C30_D1_R2_IS3
C30_D1_R2_IS3_2A,,C30,C30_D1,C30_D1_R2,C30_D1_R2_IS3
C30_D1_R2_IS3_2B,,C30,C30_D1,C30_D1_R2,C30_D1_R2_IS3
C30_D1_R3_IS1_1A,,C30,C30_D1,C30_D1_R3,C30_D1_R3_IS1
C30_D1_R3_IS1_1B,,C30,C30_D1,C30_D1_R3,C30_D1_R3_IS1
C30_D1_R3_IS1_2A,,C30,C30_D1,C30_D1_R3,C30_D1_R3_IS1
C30_D1_R3_IS1_2B,,C30,C30_D1,C30_D1_R3,C30_D1_R3_IS1
C30_D1_R3_IS2_1A,,C30,C30_D1,C30_D1_R3,C30_D1_R3_IS2
C30_D1_R3_IS2_1B,,C30,C30_D1,C30_D1_R3,C30_D1_R3_IS2
C30_D1_R3_IS2_2A,,C30,C30_D1,C30_D1_R3,C30_D1_R3_IS2
C30_D1_R3_IS2_2B,,C30,C30_D1,C30_D1_R3,C30_D1_R3_IS2
C30_D1_R3_IS3_1A,,C30,C30_D1,C30_D1_R3,C30_D1_R3_IS3
C30_D1_R3_IS3_1B,,C30,C30_D1,C30_D1_R3,C30_D1_R3_IS3
C30_D1_R3_IS3_2A,,C30,C30_D1,C30_D1_R3,C30_D1_R3_IS3
C30_D1_R3_IS3_2B,,C30,C30_D1,C30_D1_R3,C30_D1_R3_IS3
C32_D3_R1_IS1_1A,,C32,C32_D3,C32_D3_R1,C32_D3_R1_IS1
C32_D3_R1_IS1_1B,,C32,C32_D3,C32_D3_R1,C32_D3_R1_IS1
C32_D3_R1_IS1_2A,,C32,C32_D3,C32_D3_R1,C32_D3_R1_IS1
C32_D3_R1_IS1_3B,,C32,C32_D3,C32_D3_R1,C32_D3_R1_IS1
C32_D3_R1_IS2_1A,,C32,C32_D3,C32_D3_R1,C32_D3_R1_IS2
C32_D3_R1_IS2_1B,,C32,C32_D3,C32_D3_R1,C32_D3_R1_IS2
C32_D3_R1_IS2_2A,,C32,C32_D3,C32_D3_R1,C32_D3_R1_IS2
C32_D3_R1_IS2_2B,,C32,C32_D3,C32_D3_R1,C32_D3_R1_IS2
C32_D3_R1_IS3_1A,,C32,C32_D3,C32_D3_R1,C32_D3_R1_IS3
C32_D3_R1_IS3_1B,,C32,C32_D3,C32_D3_R1,C32_D3_R1_IS3
C32_D3_R1_IS3_2A,,C32,C32_D3,C32_D3_R1,C32_D3_R1_IS3
C32_D3_R1_IS3_2B,,C32,C32_D3,C32_D3_R1,C32_D3_R1_IS3
C32_D3_R2_IS1_1A,,C32,C32_D3,C32_D3_R2,C32_D3_R2_IS1
C32_D3_R2_IS1_1B,,C32,C32_D3,C32_D3_R2,C32_D3_R2_IS1
C32_D3_R2_IS1_2A,,C32,C32_D3,C32_D3_R2,C32_D3_R2_IS1
C32_D3_R2_IS1_2B,,C32,C32_D3,C32_D3_R2,C32_D3_R2_IS1
C32_D3_R2_IS2_1A,,C32,C32_D3,C32_D3_R2,C32_D3_R2_IS2
C32_D3_R2_IS2_1B,,C32,C32_D3,C32_D3_R2,C32_D3_R2_IS2
C32_D3_R2_IS2_2A,,C32,C32_D3,C32_D3_R2,C32_D3_R2_IS2
C32_D3_R2_IS2_2B,,C32,C32_D3,C32_D3_R2,C32_D3_R2_IS2
C32_D3_R2_IS3_1A,,C32,C32_D3,C32_D3_R2,C32_D3_R2_IS3
C32_D3_R2_IS3_1B,,C32,C32_D3,C32_D3_R2,C32_D3_R2_IS3
C32_D3_R2_IS3_2A,,C32,C32_D3,C32_D3_R2,C32_D3_R2_IS3
C32_D3_R2_IS3_2B,,C32,C32_D3,C32_D3_R2,C32_D3_R2_IS3
C32_D3_R3_IS1_1A,,C32,C32_D3,C32_D3_R3,C32_D3_R3_IS1
C32_D3_R3_IS1_1B,,C32,C32_D3,C32_D3_R3,C32_D3_R3_IS1
C32_D3_R3_IS1_2A,,C32,C32_D3,C32_D3_R3,C32_D3_R3_IS1
C32_D3_R3_IS1_2B,,C32,C32_D3,C32_D3_R3,C32_D3_R3_IS1
C32_D3_R3_IS2_1A,,C32,C32_D3,C32_D3_R3,C32_D3_R3_IS2
C32_D3_R3_IS2_1B,,C32,C32_D3,C32_D3_R3,C32_D3_R3_IS2
C32_D3_R3_IS2_2A,,C32,C32_D3,C32_D3_R3,C32_D3_R3_IS2
C32_D3_R3_IS2_2B,,C32,C32_D3,C32_D3_R3,C32_D3_R3_IS2
C32_D3_R3_IS3_1A,,C32,C32_D3,C32_D3_R3,C32_D3_R3_IS3
C32_D3_R3_IS3_1B,,C32,C32_D3,C32_D3_R3,C32_D3_R3_IS3
C32_D3_R3_IS3_2A,,C32,C32_D3,C32_D3_R3,C32_D3_R3_IS3
C32_D3_R3_IS3_2B,,C32,C32_D3,C32_D3_R3,C32_D3_R3_IS3
C33_D3_R1_IS1_1A,,C33,C33_D3,C33_D3_R1,C33_D3_R1_IS1
C33_D3_R1_IS1_1B,,C33,C33_D3,C33_D3_R1,C33_D3_R1_IS1
C33_D3_R1_IS1_2A,,C33,C33_D3,C33_D3_R1,C33_D3_R1_IS1
C33_D3_R1_IS1_2B,,C33,C33_D3,C33_D3_R1,C33_D3_R1_IS1
C33_D3_R1_IS2_1A,,C33,C33_D3,C33_D3_R1,C33_D3_R1_IS2
C33_D3_R1_IS2_1B,,C33,C33_D3,C33_D3_R1,C33_D3_R1_IS2
C33_D3_R1_IS2_2A,,C33,C33_D3,C33_D3_R1,C33_D3_R1_IS2
C33_D3_R1_IS2_2B,,C33,C33_D3,C33_D3_R1,C33_D3_R1_IS2
C33_D3_R1_IS3_1A,,C33,C33_D3,C33_D3_R1,C33_D3_R1_IS3
C33_D3_R1_IS3_1B,,C33,C33_D3,C33_D3_R1,C33_D3_R1_IS3
C33_D3_R1_IS3_2A,,C33,C33_D3,C33_D3_R1,C33_D3_R1_IS3
C33_D3_R1_IS3_2B,,C33,C33_D3,C33_D3_R1,C33_D3_R1_IS3
C33_D3_R2_IS1_1A,,C33,C33_D3,C33_D3_R2,C33_D3_R2_IS1
C33_D3_R2_IS1_1B,,C33,C33_D3,C33_D3_R2,C33_D3_R2_IS1
C33_D3_R2_IS1_2A,,C33,C33_D3,C33_D3_R2,C33_D3_R2_IS1
C33_D3_R2_IS1_2B,,C33,C33_D3,C33_D3_R2,C33_D3_R2_IS1
C33_D3_R2_IS2_1A,,C33,C33_D3,C33_D3_R2,C33_D3_R2_IS2
C33_D3_R2_IS2_1B,,C33,C33_D3,C33_D3_R2,C33_D3_R2_IS2
C33_D3_R2_IS2_2A,,C33,C33_D3,C33_D3_R2,C33_D3_R2_IS2
C33_D3_R2_IS2_2B,,C33,C33_D3,C33_D3_R2,C33_D3_R2_IS2
C33_D3_R3_IS2_1A,,C33,C33_D3,C33_D3_R3,C33_D3_R3_IS2
C33_D3_R3_IS2_1B,,C33,C33_D3,C33_D3_R3,C33_D3_R3_IS2
C33_D3_R3_IS2_2A,,C33,C33_D3,C33_D3_R3,C33_D3_R3_IS2
C33_D3_R3_IS2_2B,,C33,C33_D3,C33_D3_R3,C33_D3_R3_IS2
C33_D3_R3_IS3_1A,,C33,C33_D3,C33_D3_R3,C33_D3_R3_IS3
C33_D3_R3_IS3_1B,,C33,C33_D3,C33_D3_R3,C33_D3_R3_IS3
C33_D3_R3_IS3_2A,,C33,C33_D3,C33_D3_R3,C33_D3_R3_IS3
C33_D3_R3_IS3_2B,,C33,C33_D3,C33_D3_R3,C33_D3_R3_IS3
C34_D3_R1_IS1_1A,,C34,C34_D3,C34_D3_R1,C34_D3_R1_IS1
C34_D3_R1_IS1_1B,,C34,C34_D3,C34_D3_R1,C34_D3_R1_IS1
C34_D3_R1_IS1_2A,,C34,C34_D3,C34_D3_R1,C34_D3_R1_IS1
C34_D3_R1_IS1_2B,,C34,C34_D3,C34_D3_R1,C34_D3_R1_IS1
C34_D3_R1_IS2_1A,,C34,C34_D3,C34_D3_R1,C34_D3_R1_IS2
C34_D3_R1_IS2_1B,,C34,C34_D3,C34_D3_R1,C34_D3_R1_IS2
C34_D3_R1_IS2_2A,,C34,C34_D3,C34_D3_R1,C34_D3_R1_IS2
C34_D3_R1_IS2_2B,,C34,C34_D3,C34_D3_R1,C34_D3_R1_IS2
C34_D3_R1_IS3_1A,,C34,C34_D3,C34_D3_R1,C34_D3_R1_IS3
C34_D3_R1_IS3_1B,,C34,C34_D3,C34_D3_R1,C34_D3_R1_IS3
C34_D3_R1_IS3_2A,,C34,C34_D3,C34_D3_R1,C34_D3_R1_IS3
C34_D3_R1_IS3_2B,,C34,C34_D3,C34_D3_R1,C34_D3_R1_IS3
C34_D3_R2_IS1_1A,,C34,C34_D3,C34_D3_R2,C34_D3_R2_IS1
C34_D3_R2_IS1_1B,,C34,C34_D3,C34_D3_R2,C34_D3_R2_IS1
C34_D3_R2_IS1_2A,,C34,C34_D3,C34_D3_R2,C34_D3_R2_IS1
C34_D3_R2_IS1_2B,,C34,C34_D3,C34_D3_R2,C34_D3_R2_IS1
C34_D3_R2_IS2_1A,,C34,C34_D3,C34_D3_R2,C34_D3_R2_IS2
C34_D3_R2_IS2_1B,,C34,C34_D3,C34_D3_R2,C34_D3_R2_IS2
C34_D3_R2_IS2_2A,,C34,C34_D3,C34_D3_R2,C34_D3_R2_IS2
C34_D3_R2_IS2_2B,,C34,C34_D3,C34_D3_R2,C34_D3_R2_IS2
C34_D3_R2_IS3_1A,,C34,C34_D3,C34_D3_R2,C34_D3_R2_IS3
C34_D3_R2_IS3_1B,,C34,C34_D3,C34_D3_R2,C34_D3_R2_IS3
C34_D3_R2_IS3_2A,,C34,C34_D3,C34_D3_R2,C34_D3_R2_IS3
C34_D3_R2_IS3_2B,,C34,C34_D3,C34_D3_R2,C34_D3_R2_IS3
C34_D3_R3_IS1_1A,,C34,C34_D3,C34_D3_R3,C34_D3_R3_IS1
C34_D3_R3_IS1_1B,,C34,C34_D3,C34_D3_R3,C34_D3_R3_IS1
C34_D3_R3_IS1_2A,,C34,C34_D3,C34_D3_R3,C34_D3_R3_IS1
C34_D3_R3_IS1_2B,,C34,C34_D3,C34_D3_R3,C34_D3_R3_IS1
C34_D3_R3_IS2_1A,,C34,C34_D3,C34_D3_R3,C34_D3_R3_IS2
C34_D3_R3_IS2_1B,,C34,C34_D3,C34_D3_R3,C34_D3_R3_IS2
C34_D3_R3_IS2_2A,,C34,C34_D3,C34_D3_R3,C34_D3_R3_IS2
C34_D3_R3_IS2_2B,,C34,C34_D3,C34_D3_R3,C34_D3_R3_IS2
C34_D3_R3_IS3_1A,,C34,C34_D3,C34_D3_R3,C34_D3_R3_IS3
C34_D3_R3_IS3_1B,,C34,C34_D3,C34_D3_R3,C34_D3_R3_IS3
C34_D3_R3_IS3_2A,,C34,C34_D3,C34_D3_R3,C34_D3_R3_IS3
C34_D3_R3_IS3_2B,,C34,C34_D3,C34_D3_R3,C34_D3_R3_IS3
C35_D1_R1_IS1_1A,,C35,C35_D1,C35_D1_R1,C35_D1_R1_IS1
C35_D1_R1_IS1_1B,,C35,C35_D1,C35_D1_R1,C35_D1_R1_IS1
C35_D1_R1_IS1_2A,,C35,C35_D1,C35_D1_R1,C35_D1_R1_IS1
C35_D1_R1_IS1_2B,,C35,C35_D1,C35_D1_R1,C35_D1_R1_IS1
C35_D1_R1_IS3_1A,,C35,C35_D1,C35_D1_R1,C35_D1_R1_IS3
C35_D1_R1_IS3_1B,,C35,C35_D1,C35_D1_R1,C35_D1_R1_IS3
C35_D1_R1_IS3_2A,,C35,C35_D1,C35_D1_R1,C35_D1_R1_IS3
C35_D1_R1_IS3_2B,,C35,C35_D1,C35_D1_R1,C35_D1_R1_IS3
C35_D1_R2_IS1_1A,,C35,C35_D1,C35_D1_R2,C35_D1_R2_IS1
C35_D1_R2_IS1_1B,,C35,C35_D1,C35_D1_R2,C35_D1_R2_IS1
C35_D1_R2_IS1_2A,,C35,C35_D1,C35_D1_R2,C35_D1_R2_IS1
C35_D1_R2_IS1_2B,,C35,C35_D1,C35_D1_R2,C35_D1_R2_IS1
C35_D1_R2_IS2_1A,,C35,C35_D1,C35_D1_R2,C35_D1_R2_IS2
C35_D1_R2_IS2_1B,,C35,C35_D1,C35_D1_R2,C35_D1_R2_IS2
C35_D1_R2_IS2_2A,,C35,C35_D1,C35_D1_R2,C35_D1_R2_IS2
C35_D1_R2_IS2_2B,,C35,C35_D1,C35_D1_R2,C35_D1_R2_IS2
C35_D1_R2_IS3_1A,,C35,C35_D1,C35_D1_R2,C35_D1_R2_IS3
C35_D1_R2_IS3_1B,,C35,C35_D1,C35_D1_R2,C35_D1_R2_IS3
C35_D1_R2_IS3_2A,,C35,C35_D1,C35_D1_R2,C35_D1_R2_IS3
C35_D1_R2_IS3_2B,,C35,C35_D1,C35_D1_R2,C35_D1_R2_IS3
C35_D1_R3_IS1_1A,,C35,C35_D1,C35_D1_R3,C35_D1_R3_IS1
C35_D1_R3_IS1_1B,,C35,C35_D1,C35_D1_R3,C35_D1_R3_IS1
C35_D1_R3_IS1_2A,,C35,C35_D1,C35_D1_R3,C35_D1_R3_IS1
C35_D1_R3_IS1_2B,,C35,C35_D1,C35_D1_R3,C35_D1_R3_IS1
C35_D1_R3_IS2_1A,,C35,C35_D1,C35_D1_R3,C35_D1_R3_IS2
C35_D1_R3_IS2_1B,,C35,C35_D1,C35_D1_R3,C35_D1_R3_IS2
C35_D1_R3_IS2_2A,,C35,C35_D1,C35_D1_R3,C35_D1_R3_IS2
C35_D1_R3_IS2_2B,,C35,C35_D1,C35_D1_R3,C35_D1_R3_IS2
C36_D1_R1_IS1_1A,,C36,C36_D1,C36_D1_R1,C36_D1_R1_IS1
C36_D1_R1_IS1_1B,,C36,C36_D1,C36_D1_R1,C36_D1_R1_IS1
C36_D1_R1_IS1_2A,,C36,C36_D1,C36_D1_R1,C36_D1_R1_IS1
C36_D1_R1_IS1_2B,,C36,C36_D1,C36_D1_R1,C36_D1_R1_IS1
C36_D1_R1_IS2_1A,,C36,C36_D1,C36_D1_R1,C36_D1_R1_IS2
C36_D1_R1_IS2_1B,,C36,C36_D1,C36_D1_R1,C36_D1_R1_IS2
C36_D1_R1_IS2_2A,,C36,C36_D1,C36_D1_R1,C36_D1_R1_IS2
C36_D1_R1_IS2_2B,,C36,C36_D1,C36_D1_R1,C36_D1_R1_IS2
C36_D1_R1_IS3_1A,,C36,C36_D1,C36_D1_R1,C36_D1_R1_IS3
C36_D1_R1_IS3_1B,,C36,C36_D1,C36_D1_R1,C36_D1_R1_IS3
C36_D1_R1_IS3_2A,,C36,C36_D1,C36_D1_R1,C36_D1_R1_IS3
C36_D1_R1_IS3_2B,,C36,C36_D1,C36_D1_R1,C36_D1_R1_IS3
C36_D1_R2_IS1_1A,,C36,C36_D1,C36_D1_R2,C36_D1_R2_IS1
C36_D1_R2_IS1_1B,,C36,C36_D1,C36_D1_R2,C36_D1_R2_IS1
C36_D1_R2_IS1_2A,,C36,C36_D1,C36_D1_R2,C36_D1_R2_IS1
C36_D1_R2_IS1_2B,,C36,C36_D1,C36_D1_R2,C36_D1_R2_IS1
C36_D1_R2_IS2_1A,,C36,C36_D1,C36_D1_R2,C36_D1_R2_IS2
C36_D1_R2_IS2_1B,,C36,C36_D1,C36_D1_R2,C36_D1_R2_IS2
C36_D1_R2_IS2_2A,,C36,C36_D1,C36_D1_R2,C36_D1_R2_IS2
C36_D1_R2_IS2_2B,,C36,C36_D1,C36_D1_R2,C36_D1_R2_IS2
C36_D1_R2_IS3_1A,,C36,C36_D1,C36_D1_R2,C36_D1_R2_IS3
C36_D1_R2_IS3_1B,,C36,C36_D1,C36_D1_R2,C36_D1_R2_IS3
C36_D1_R2_IS3_2A,,C36,C36_D1,C36_D1_R2,C36_D1_R2_IS3
C36_D1_R2_IS3_2B,,C36,C36_D1,C36_D1_R2,C36_D1_R2_IS3
C36_D1_R3_IS1_1A,,C36,C36_D1,C36_D1_R3,C36_D1_R3_IS1
C36_D1_R3_IS1_1B,,C36,C36_D1,C36_D1_R3,C36_D1_R3_IS1
C36_D1_R3_IS1_2A,,C36,C36_D1,C36_D1_R3,C36_D1_R3_IS1
C36_D1_R3_IS1_2B,,C36,C36_D1,C36_D1_R3,C36_D1_R3_IS1
C36_D1_R3_IS2_1A,,C36,C36_D1,C36_D1_R3,C36_D1_R3_IS2
C36_D1_R3_IS2_1B,,C36,C36_D1,C36_D1_R3,C36_D1_R3_IS2
C36_D1_R3_IS2_2A,,C36,C36_D1,C36_D1_R3,C36_D1_R3_IS2
C36_D1_R3_IS2_2B,,C36,C36_D1,C36_D1_R3,C36_D1_R3_IS2
C36_D1_R3_IS3_1A,,C36,C36_D1,C36_D1_R3,C36_D1_R3_IS3
C36_D1_R3_IS3_1B,,C36,C36_D1,C36_D1_R3,C36_D1_R3_IS3
C36_D1_R3_IS3_2A,,C36,C36_D1,C36_D1_R3,C36_D1_R3_IS3
C36_D1_R3_IS3_2B,,C36,C36_D1,C36_D1_R3,C36_D1_R3_IS3
C37_D6_R1_IS1_1A,,C37,C37_D6,C37_D6_R1,C37_D6_R1_IS1
C37_D6_R1_IS1_1B,,C37,C37_D6,C37_D6_R1,C37_D6_R1_IS1
C37_D6_R1_IS1_2A,,C37,C37_D6,C37_D6_R1,C37_D6_R1_IS1
C37_D6_R1_IS1_2B,,C37,C37_D6,C37_D6_R1,C37_D6_R1_IS1
C37_D6_R1_IS2_1A,,C37,C37_D6,C37_D6_R1,C37_D6_R1_IS2
C37_D6_R1_IS2_1B,,C37,C37_D6,C37_D6_R1,C37_D6_R1_IS2
C37_D6_R1_IS2_2A,,C37,C37_D6,C37_D6_R1,C37_D6_R1_IS2
C37_D6_R1_IS2_2B,,C37,C37_D6,C37_D6_R1,C37_D6_R1_IS2
C37_D6_R1_IS3_1A,,C37,C37_D6,C37_D6_R1,C37_D6_R1_IS3
C37_D6_R1_IS3_1B,,C37,C37_D6,C37_D6_R1,C37_D6_R1_IS3
C37_D6_R1_IS3_2A,,C37,C37_D6,C37_D6_R1,C37_D6_R1_IS3
C37_D6_R1_IS3_2B,,C37,C37_D6,C37_D6_R1,C37_D6_R1_IS3
C37_D6_R2_IS2_1A,,C37,C37_D6,C37_D6_R2,C37_D6_R2_IS2
C37_D6_R2_IS2_1B,,C37,C37_D6,C37_D6_R2,C37_D6_R2_IS2
C37_D6_R2_IS2_2A,,C37,C37_D6,C37_D6_R2,C37_D6_R2_IS2
C37_D6_R2_IS2_2B,,C37,C37_D6,C37_D6_R2,C37_D6_R2_IS2
C37_D6_R2_IS3_1A,,C37,C37_D6,C37_D6_R2,C37_D6_R2_IS3
C37_D6_R2_IS3_1B,,C37,C37_D6,C37_D6_R2,C37_D6_R2_IS3
C37_D6_R2_IS3_2A,,C37,C37_D6,C37_D6_R2,C37_D6_R2_IS3
C37_D6_R2_IS3_2B,,C37,C37_D6,C37_D6_R2,C37_D6_R2_IS3
C37_D6_R3_IS1_1A,,C37,C37_D6,C37_D6_R3,C37_D6_R3_IS1
C37_D6_R3_IS1_1B,,C37,C37_D6,C37_D6_R3,C37_D6_R3_IS1
C37_D6_R3_IS1_2A,,C37,C37_D6,C37_D6_R3,C37_D6_R3_IS1
C37_D6_R3_IS1_2B,,C37,C37_D6,C37_D6_R3,C37_D6_R3_IS1
C37_D6_R3_IS2_1A,,C37,C37_D6,C37_D6_R3,C37_D6_R3_IS2
C37_D6_R3_IS2_1B,,C37,C37_D6,C37_D6_R3,C37_D6_R3_IS2
C37_D6_R3_IS2_2A,,C37,C37_D6,C37_D6_R3,C37_D6_R3_IS2
C37_D6_R3_IS2_2B,,C37,C37_D6,C37_D6_R3,C37_D6_R3_IS2
C38_D1_R1_IS1_1A,,C38,C38_D1,C38_D1_R1,C38_D1_R1_IS1
C38_D1_R1_IS1_1B,,C38,C38_D1,C38_D1_R1,C38_D1_R1_IS1
C38_D1_R1_IS1_2A,,C38,C38_D1,C38_D1_R1,C38_D1_R1_IS1
C38_D1_R1_IS1_2B,,C38,C38_D1,C38_D1_R1,C38_D1_R1_IS1
C38_D1_R1_IS2_1A,,C38,C38_D1,C38_D1_R1,C38_D1_R1_IS2
C38_D1_R1_IS2_1B,,C38,C38_D1,C38_D1_R1,C38_D1_R1_IS2
C38_D1_R1_IS2_2A,,C38,C38_D1,C38_D1_R1,C38_D1_R1_IS2
C38_D1_R1_IS2_2B,,C38,C38_D1,C38_D1_R1,C38_D1_R1_IS2
C38_D1_R1_IS3_1A,,C38,C38_D1,C38_D1_R1,C38_D1_R1_IS3
C38_D1_R1_IS3_1B,,C38,C38_D1,C38_D1_R1,C38_D1_R1_IS3
C38_D1_R1_IS3_2A,,C38,C38_D1,C38_D1_R1,C38_D1_R1_IS3
C38_D1_R1_IS3_2B,,C38,C38_D1,C38_D1_R1,C38_D1_R1_IS3
C38_D1_R2_IS1_1A,,C38,C38_D1,C38_D1_R2,C38_D1_R2_IS1
C38_D1_R2_IS1_1B,,C38,C38_D1,C38_D1_R2,C38_D1_R2_IS1
C38_D1_R2_IS1_2A,,C38,C38_D1,C38_D1_R2,C38_D1_R2_IS1
C38_D1_R2_IS1_2B,,C38,C38_D1,C38_D1_R2,C38_D1_R2_IS1
C38_D1_R2_IS2_1A,,C38,C38_D1,C38_D1_R2,C38_D1_R2_IS2
C38_D1_R2_IS2_1B,,C38,C38_D1,C38_D1_R2,C38_D1_R2_IS2
C38_D1_R2_IS2_2A,,C38,C38_D1,C38_D1_R2,C38_D1_R2_IS2
C38_D1_R2_IS2_2B,,C38,C38_D1,C38_D1_R2,C38_D1_R2_IS2
C38_D1_R2_IS3_1A,,C38,C38_D1,C38_D1_R2,C38_D1_R2_IS3
C38_D1_R2_IS3_1B,,C38,C38_D1,C38_D1_R2,C38_D1_R2_IS3
C38_D1_R2_IS3_2A,,C38,C38_D1,C38_D1_R2,C38_D1_R2_IS3
C38_D1_R2_IS3_2B,,C38,C38_D1,C38_D1_R2,C38_D1_R2_IS3
C38_D1_R3_IS1_1A,,C38,C38_D1,C38_D1_R3,C38_D1_R3_IS1
C38_D1_R3_IS1_1B,,C38,C38_D1,C38_D1_R3,C38_D1_R3_IS1
C38_D1_R3_IS1_2A,,C38,C38_D1,C38_D1_R3,C38_D1_R3_IS1
C38_D1_R3_IS1_2B,,C38,C38_D1,C38_D1_R3,C38_D1_R3_IS1
C38_D1_R3_IS2_1A,,C38,C38_D1,C38_D1_R3,C38_D1_R3_IS2
C38_D1_R3_IS2_1B,,C38,C38_D1,C38_D1_R3,C38_D1_R3_IS2
C38_D1_R3_IS2_2A,,C38,C38_D1,C38_D1_R3,C38_D1_R3_IS2
C38_D1_R3_IS2_2B,,C38,C38_D1,C38_D1_R3,C38_D1_R3_IS2
C38_D1_R3_IS3_1A,,C38,C38_D1,C38_D1_R3,C38_D1_R3_IS3
C38_D1_R3_IS3_1B,,C38,C38_D1,C38_D1_R3,C38_D1_R3_IS3
C38_D1_R3_IS3_2A,,C38,C38_D1,C38_D1_R3,C38_D1_R3_IS3
C38_D1_R3_IS3_2B,,C38,C38_D1,C38_D1_R3,C38_D1_R3_IS3
C39_D3_R1_IS2_1A,,C39,C39_D3,C39_D3_R1,C39_D3_R1_IS2
C39_D3_R1_IS2_1B,,C39,C39_D3,C39_D3_R1,C39_D3_R1_IS2
C39_D3_R1_IS2_2A,,C39,C39_D3,C39_D3_R1,C39_D3_R1_IS2
C39_D3_R1_IS2_2B,,C39,C39_D3,C39_D3_R1,C39_D3_R1_IS2
C39_D3_R1_IS3_1A,,C39,C39_D3,C39_D3_R1,C39_D3_R1_IS3
C39_D3_R1_IS3_1B,,C39,C39_D3,C39_D3_R1,C39_D3_R1_IS3
C39_D3_R1_IS3_2A,,C39,C39_D3,C39_D3_R1,C39_D3_R1_IS3
C39_D3_R1_IS3_2B,,C39,C39_D3,C39_D3_R1,C39_D3_R1_IS3
C39_D3_R2_IS1_1A,,C39,C39_D3,C39_D3_R2,C39_D3_R2_IS1
C39_D3_R2_IS1_1B,,C39,C39_D3,C39_D3_R2,C39_D3_R2_IS1
C39_D3_R2_IS1_2A,,C39,C39_D3,C39_D3_R2,C39_D3_R2_IS1
C39_D3_R2_IS1_2B,,C39,C39_D3,C39_D3_R2,C39_D3_R2_IS1
C39_D3_R2_IS2_1A,,C39,C39_D3,C39_D3_R2,C39_D3_R2_IS2
C39_D3_R2_IS2_1B,,C39,C39_D3,C39_D3_R2,C39_D3_R2_IS2
C39_D3_R2_IS2_2A,,C39,C39_D3,C39_D3_R2,C39_D3_R2_IS2
C39_D3_R2_IS2_2B,,C39,C39_D3,C39_D3_R2,C39_D3_R2_IS2
C39_D3_R2_IS3_1A,,C39,C39_D3,C39_D3_R2,C39_D3_R2_IS3
C39_D3_R2_IS3_1B,,C39,C39_D3,C39_D3_R2,C39_D3_R2_IS3
C39_D3_R2_IS3_2A,,C39,C39_D3,C39_D3_R2,C39_D3_R2_IS3
C39_D3_R2_IS3_2B,,C39,C39_D3,C39_D3_R2,C39_D3_R2_IS3
C39_D3_R3_IS2_1A,,C39,C39_D3,C39_D3_R3,C39_D3_R3_IS2
C39_D3_R3_IS2_1B,,C39,C39_D3,C39_D3_R3,C39_D3_R3_IS2
C39_D3_R3_IS2_2A,,C39,C39_D3,C39_D3_R3,C39_D3_R3_IS2
C39_D3_R3_IS2_2B,,C39,C39_D3,C39_D3_R3,C39_D3_R3_IS2
C39_D3_R3_IS3_1A,,C39,C39_D3,C39_D3_R3,C39_D3_R3_IS3
C39_D3_R3_IS3_1B,,C39,C39_D3,C39_D3_R3,C39_D3_R3_IS3
C39_D3_R3_IS3_2A,,C39,C39_D3,C39_D3_R3,C39_D3_R3_IS3
C39_D3_R3_IS3_2B,,C39,C39_D3,C39_D3_R3,C39_D3_R3_IS3
C40_D3_R1_IS1_1A,,C40,C40_D3,C40_D3_R1,C40_D3_R1_IS1
C40_D3_R1_IS1_1B,,C40,C40_D3,C40_D3_R1,C40_D3_R1_IS1
C40_D3_R1_IS1_2A,,C40,C40_D3,C40_D3_R1,C40_D3_R1_IS1
C40_D3_R1_IS1_2B,,C40,C40_D3,C40_D3_R1,C40_D3_R1_IS1
C40_D3_R1_IS2_1A,,C40,C40_D3,C40_D3_R1,C40_D3_R1_IS2
C40_D3_R1_IS2_1B,,C40,C40_D3,C40_D3_R1,C40_D3_R1_IS2
C40_D3_R1_IS2_2A,,C40,C40_D3,C40_D3_R1,C40_D3_R1_IS2
C40_D3_R1_IS2_2B,,C40,C40_D3,C40_D3_R1,C40_D3_R1_IS2
C40_D3_R2_IS1_1A,,C40,C40_D3,C40_D3_R2,C40_D3_R2_IS1
C40_D3_R2_IS1_1B,,C40,C40_D3,C40_D3_R2,C40_D3_R2_IS1
C40_D3_R2_IS1_2A,,C40,C40_D3,C40_D3_R2,C40_D3_R2_IS1
C40_D3_R2_IS1_2B,,C40,C40_D3,C40_D3_R2,C40_D3_R2_IS1
C40_D3_R2_IS2_1A,,C40,C40_D3,C40_D3_R2,C40_D3_R2_IS2
C40_D3_R2_IS2_1B,,C40,C40_D3,C40_D3_R2,C40_D3_R2_IS2
C40_D3_R2_IS2_2A,,C40,C40_D3,C40_D3_R2,C40_D3_R2_IS2
C40_D3_R2_IS2_2B,,C40,C40_D3,C40_D3_R2,C40_D3_R2_IS2
C40_D3_R2_IS3_1A,,C40,C40_D3,C40_D3_R2,C40_D3_R2_IS3
C40_D3_R2_IS3_1B,,C40,C40_D3,C40_D3_R2,C40_D3_R2_IS3
C40_D3_R2_IS3_2A,,C40,C40_D3,C40_D3_R2,C40_D3_R2_IS3
C40_D3_R2_IS3_2B,,C40,C40_D3,C40_D3_R2,C40_D3_R2_IS3
C40_D3_R3_IS1_1A,,C40,C40_D3,C40_D3_R3,C40_D3_R3_IS1
C40_D3_R3_IS1_1B,,C40,C40_D3,C40_D3_R3,C40_D3_R3_IS1
C40_D3_R3_IS1_2A,,C40,C40_D3,C40_D3_R3,C40_D3_R3_IS1
C40_D3_R3_IS1_2B,,C40,C40_D3,C40_D3_R3,C40_D3_R3_IS1
C40_D3_R3_IS2_1A,,C40,C40_D3,C40_D3_R3,C40_D3_R3_IS2
C40_D3_R3_IS2_1B,,C40,C40_D3,C40_D3_R3,C40_D3_R3_IS2
C40_D3_R3_IS2_2A,,C40,C40_D3,C40_D3_R3,C40_D3_R3_IS2
C40_D3_R3_IS2_2B,,C40,C40_D3,C40_D3_R3,C40_D3_R3_IS2
C40_D3_R3_IS3_1A,,C40,C40_D3,C40_D3_R3,C40_D3_R3_IS3
C40_D3_R3_IS3_1B,,C40,C40_D3,C40_D3_R3,C40_D3_R3_IS3
C40_D3_R3_IS3_2A,,C40,C40_D3,C40_D3_R3,C40_D3_R3_IS3
C40_D3_R3_IS3_2B,,C40,C40_D3,C40_D3_R3,C40_D3_R3_IS3
C41_D1_R1_IS1_1A,,C41,C41_D1,C41_D1_R1,C41_D1_R1_IS1
C41_D1_R1_IS1_1B,,C41,C41_D1,C41_D1_R1,C41_D1_R1_IS1
C41_D1_R1_IS1_2A,,C41,C41_D1,C41_D1_R1,C41_D1_R1_IS1
C41_D1_R1_IS1_2B,,C41,C41_D1,C41_D1_R1,C41_D1_R1_IS1
C41_D1_R1_IS2_1A,,C41,C41_D1,C41_D1_R1,C41_D1_R1_IS2
C41_D1_R1_IS2_1B,,C41,C41_D1,C41_D1_R1,C41_D1_R1_IS2
C41_D1_R1_IS2_2A,,C41,C41_D1,C41_D1_R1,C41_D1_R1_IS2
C41_D1_R1_IS2_2B,,C41,C41_D1,C41_D1_R1,C41_D1_R1_IS2
C41_D1_R1_IS3_1A,,C41,C41_D1,C41_D1_R1,C41_D1_R1_IS3
C41_D1_R1_IS3_1B,,C41,C41_D1,C41_D1_R1,C41_D1_R1_IS3
C41_D1_R1_IS3_2A,,C41,C41_D1,C41_D1_R1,C41_D1_R1_IS3
C41_D1_R1_IS3_2B,,C41,C41_D1,C41_D1_R1,C41_D1_R1_IS3
C41_D1_R2_IS1_1A,,C41,C41_D1,C41_D1_R2,C41_D1_R2_IS1
C41_D1_R2_IS1_1B,,C41,C41_D1,C41_D1_R2,C41_D1_R2_IS1
C41_D1_R2_IS1_2A,,C41,C41_D1,C41_D1_R2,C41_D1_R2_IS1
C41_D1_R2_IS1_2B,,C41,C41_D1,C41_D1_R2,C41_D1_R2_IS1
C41_D1_R2_IS3_1A,,C41,C41_D1,C41_D1_R2,C41_D1_R2_IS3
C41_D1_R2_IS3_1B,,C41,C41_D1,C41_D1_R2,C41_D1_R2_IS3
C41_D1_R2_IS3_2A,,C41,C41_D1,C41_D1_R2,C41_D1_R2_IS3
C41_D1_R2_IS3_2B,,C41,C41_D1,C41_D1_R2,C41_D1_R2_IS3
C41_D1_R3_IS1_1A,,C41,C41_D1,C41_D1_R3,C41_D1_R3_IS1
C41_D1_R3_IS1_1B,,C41,C41_D1,C41_D1_R3,C41_D1_R3_IS1
C41_D1_R3_IS1_2A,,C41,C41_D1,C41_D1_R3,C41_D1_R3_IS1
C41_D1_R3_IS1_2B,,C41,C41_D1,C41_D1_R3,C41_D1_R3_IS1
C41_D1_R3_IS2_1A,,C41,C41_D1,C41_D1_R3,C41_D1_R3_IS2
C41_D1_R3_IS2_1B,,C41,C41_D1,C41_D1_R3,C41_D1_R3_IS2
C41_D1_R3_IS2_2A,,C41,C41_D1,C41_D1_R3,C41_D1_R3_IS2
C41_D1_R3_IS2_2B,,C41,C41_D1,C41_D1_R3,C41_D1_R3_IS2
C41_D1_R3_IS3_1A,,C41,C41_D1,C41_D1_R3,C41_D1_R3_IS3
C41_D1_R3_IS3_1B,,C41,C41_D1,C41_D1_R3,C41_D1_R3_IS3
C41_D1_R3_IS3_2A,,C41,C41_D1,C41_D1_R3,C41_D1_R3_IS3
C41_D1_R3_IS3_2B,,C41,C41_D1,C41_D1_R3,C41_D1_R3_IS3
C42_D1_R1_IS1_1A,,C42,C42_D1,C42_D1_R1,C42_D1_R1_IS1
C42_D1_R1_IS1_1B,,C42,C42_D1,C42_D1_R1,C42_D1_R1_IS1
C42_D1_R1_IS1_2A,,C42,C42_D1,C42_D1_R1,C42_D1_R1_IS1
C42_D1_R1_IS1_2B,,C42,C42_D1,C42_D1_R1,C42_D1_R1_IS1
C42_D1_R1_IS2_1A,,C42,C42_D1,C42_D1_R1,C42_D1_R1_IS2
C42_D1_R1_IS2_1B,,C42,C42_D1,C42_D1_R1,C42_D1_R1_IS2
C42_D1_R1_IS2_2A,,C42,C42_D1,C42_D1_R1,C42_D1_R1_IS2
C42_D1_R1_IS2_2B,,C42,C42_D1,C42_D1_R1,C42_D1_R1_IS2
C42_D1_R1_IS3_1A,,C42,C42_D1,C42_D1_R1,C42_D1_R1_IS3
C42_D1_R1_IS3_1B,,C42,C42_D1,C42_D1_R1,C42_D1_R1_IS3
C42_D1_R1_IS3_2A,,C42,C42_D1,C42_D1_R1,C42_D1_R1_IS3
C42_D1_R1_IS3_2B,,C42,C42_D1,C42_D1_R1,C42_D1_R1_IS3
C42_D1_R2_IS1_1A,,C42,C42_D1,C42_D1_R2,C42_D1_R2_IS1
C42_D1_R2_IS1_1B,,C42,C42_D1,C42_D1_R2,C42_D1_R2_IS1
C42_D1_R2_IS1_2A,,C42,C42_D1,C42_D1_R2,C42_D1_R2_IS1
C42_D1_R2_IS1_2B,,C42,C42_D1,C42_D1_R2,C42_D1_R2_IS1
C42_D1_R2_IS2_1A,,C42,C42_D1,C42_D1_R2,C42_D1_R2_IS2
C42_D1_R2_IS2_1B,,C42,C42_D1,C42_D1_R2,C42_D1_R2_IS2
C42_D1_R2_IS2_2A,,C42,C42_D1,C42_D1_R2,C42_D1_R2_IS2
C42_D1_R2_IS2_2B,,C42,C42_D1,C42_D1_R2,C42_D1_R2_IS2
C42_D1_R2_IS3_1A,,C42,C42_D1,C42_D1_R2,C42_D1_R2_IS3
C42_D1_R2_IS3_1B,,C42,C42_D1,C42_D1_R2,C42_D1_R2_IS3
C42_D1_R2_IS3_2A,,C42,C42_D1,C42_D1_R2,C42_D1_R2_IS3
C42_D1_R2_IS3_2B,,C42,C42_D1,C42_D1_R2,C42_D1_R2_IS3
C42_D1_R3_IS2_1A,,C42,C42_D1,C42_D1_R3,C42_D1_R3_IS2
C42_D1_R3_IS2_1B,,C42,C42_D1,C42_D1_R3,C42_D1_R3_IS2
C42_D1_R3_IS2_2A,,C42,C42_D1,C42_D1_R3,C42_D1_R3_IS2
C42_D1_R3_IS2_2B,,C42,C42_D1,C42_D1_R3,C42_D1_R3_IS2
C42_D1_R3_IS3_1A,,C42,C42_D1,C42_D1_R3,C42_D1_R3_IS3
C42_D1_R3_IS3_1B,,C42,C42_D1,C42_D1_R3,C42_D1_R3_IS3
C42_D1_R3_IS3_2A,,C42,C42_D1,C42_D1_R3,C42_D1_R3_IS3
C42_D1_R3_IS3_2B,,C42,C42_D1,C42_D1_R3,C42_D1_R3_IS3
C43_D1_R1_IS3_1A,,C43,C43_D1,C43_D1_R1,C43_D1_R1_IS3
C43_D1_R1_IS3_1B,,C43,C43_D1,C43_D1_R1,C43_D1_R1_IS3
C43_D1_R1_IS3_2A,,C43,C43_D1,C43_D1_R1,C43_D1_R1_IS3
C43_D1_R1_IS3_2B,,C43,C43_D1,C43_D1_R1,C43_D1_R1_IS3
C44_D1_R2_IS1_1A,,C44,C44_D1,C44_D1_R2,C44_D1_R2_IS1
C44_D1_R2_IS1_1B,,C44,C44_D1,C44_D1_R2,C44_D1_R2_IS1
C44_D1_R2_IS1_2A,,C44,C44_D1,C44_D1_R2,C44_D1_R2_IS1
C44_D1_R2_IS1_2B,,C44,C44_D1,C44_D1_R2,C44_D1_R2_IS1
C44_D1_R3_IS1_1A,,C44,C44_D1,C44_D1_R3,C44_D1_R3_IS1
C44_D1_R3_IS1_1B,,C44,C44_D1,C44_D1_R3,C44_D1_R3_IS1
C44_D1_R3_IS1_2A,,C44,C44_D1,C44_D1_R3,C44_D1_R3_IS1
C44_D1_R3_IS1_2B,,C44,C44_D1,C44_D1_R3,C44_D1_R3_IS1
C44_D1_R3_IS2_1A,,C44,C44_D1,C44_D1_R3,C44_D1_R3_IS2
C44_D1_R3_IS2_1B,,C44,C44_D1,C44_D1_R3,C44_D1_R3_IS2
C44_D1_R3_IS2_2A,,C44,C44_D1,C44_D1_R3,C44_D1_R3_IS2
C44_D1_R3_IS2_2B,,C44,C44_D1,C44_D1_R3,C44_D1_R3_IS2
C45_D1_R3_IS2_1A,,C45,C45_D1,C45_D1_R3,C45_D1_R3_IS2
C45_D1_R3_IS2_1B,,C45,C45_D1,C45_D1_R3,C45_D1_R3_IS2
C45_D1_R3_IS2_2A,,C45,C45_D1,C45_D1_R3,C45_D1_R3_IS2
C45_D1_R3_IS2_2B,,C45,C45_D1,C45_D1_R3,C45_D1_R3_IS2
C45_D3_R1_IS1_1A,,C45,C45_D3,C45_D3_R1,C45_D3_R1_IS1
C45_D3_R1_IS1_1B,,C45,C45_D3,C45_D3_R1,C45_D3_R1_IS1
C45_D3_R1_IS1_2A,,C45,C45_D3,C45_D3_R1,C45_D3_R1_IS1
C45_D3_R1_IS1_2B,,C45,C45_D3,C45_D3_R1,C45_D3_R1_IS1
C45_D3_R1_IS2_1A,,C45,C45_D3,C45_D3_R1,C45_D3_R1_IS2
C45_D3_R1_IS2_1B,,C45,C45_D3,C45_D3_R1,C45_D3_R1_IS2
C45_D3_R1_IS2_2A,,C45,C45_D3,C45_D3_R1,C45_D3_R1_IS2
C45_D3_R1_IS2_2B,,C45,C45_D3,C45_D3_R1,C45_D3_R1_IS2
C45_D3_R1_IS3_1A,,C45,C45_D3,C45_D3_R1,C45_D3_R1_IS3
C45_D3_R1_IS3_1B,,C45,C45_D3,C45_D3_R1,C45_D3_R1_IS3
C45_D3_R1_IS3_2A,,C45,C45_D3,C45_D3_R1,C45_D3_R1_IS3
C45_D3_R1_IS3_2B,,C45,C45_D3,C45_D3_R1,C45_D3_R1_IS3
C45_D3_R2_IS1_1A,,C45,C45_D3,C45_D3_R2,C45_D3_R2_IS1
C45_D3_R2_IS1_1B,,C45,C45_D3,C45_D3_R2,C45_D3_R2_IS1
C45_D3_R2_IS1_2A,,C45,C45_D3,C45_D3_R2,C45_D3_R2_IS1
C45_D3_R2_IS1_2B,,C45,C45_D3,C45_D3_R2,C45_D3_R2_IS1
C45_D3_R2_IS2_1A,,C45,C45_D3,C45_D3_R2,C45_D3_R2_IS2
C45_D3_R2_IS2_1B,,C45,C45_D3,C45_D3_R2,C45_D3_R2_IS2
C45_D3_R2_IS2_2A,,C45,C45_D3,C45_D3_R2,C45_D3_R2_IS2
C45_D3_R2_IS2_2B,,C45,C45_D3,C45_D3_R2,C45_D3_R2_IS2
C45_D3_R2_IS3_1A,,C45,C45_D3,C45_D3_R2,C45_D3_R2_IS3
C45_D3_R2_IS3_1B,,C45,C45_D3,C45_D3_R2,C45_D3_R2_IS3
C45_D3_R2_IS3_2A,,C45,C45_D3,C45_D3_R2,C45_D3_R2_IS3
C45_D3_R2_IS3_2B,,C45,C45_D3,C45_D3_R2,C45_D3_R2_IS3
C45_D3_R3_IS1_1A,,C45,C45_D3,C45_D3_R3,C45_D3_R3_IS1
C45_D3_R3_IS1_1B,,C45,C45_D3,C45_D3_R3,C45_D3_R3_IS1
C45_D3_R3_IS1_2A,,C45,C45_D3,C45_D3_R3,C45_D3_R3_IS1
C45_D3_R3_IS1_2B,,C45,C45_D3,C45_D3_R3,C45_D3_R3_IS1
C45_D3_R3_IS2_1A,,C45,C45_D3,C45_D3_R3,C45_D3_R3_IS2
C45_D3_R3_IS2_1B,,C45,C45_D3,C45_D3_R3,C45_D3_R3_IS2
C45_D3_R3_IS2_2A,,C45,C45_D3,C45_D3_R3,C45_D3_R3_IS2
C45_D3_R3_IS2_2B,,C45,C45_D3,C45_D3_R3,C45_D3_R3_IS2
C46_D1_R1_IS1_1A,,C46,C46_D1,C46_D1_R1,C46_D1_R1_IS1
C46_D1_R1_IS1_1B,,C46,C46_D1,C46_D1_R1,C46_D1_R1_IS1
C46_D1_R1_IS1_2A,,C46,C46_D1,C46_D1_R1,C46_D1_R1_IS1
C46_D1_R1_IS1_2B,,C46,C46_D1,C46_D1_R1,C46_D1_R1_IS1
C46_D1_R1_IS2_1A,,C46,C46_D1,C46_D1_R1,C46_D1_R1_IS2
C46_D1_R1_IS2_1B,,C46,C46_D1,C46_D1_R1,C46_D1_R1_IS2
C46_D1_R1_IS2_2A,,C46,C46_D1,C46_D1_R1,C46_D1_R1_IS2
C46_D1_R1_IS2_2B,,C46,C46_D1,C46_D1_R1,C46_D1_R1_IS2
C46_D1_R2_IS1_1A,,C46,C46_D1,C46_D1_R2,C46_D1_R2_IS1
C46_D1_R2_IS1_1B,,C46,C46_D1,C46_D1_R2,C46_D1_R2_IS1
C46_D1_R2_IS1_2A,,C46,C46_D1,C46_D1_R2,C46_D1_R2_IS1
C46_D1_R2_IS1_2B,,C46,C46_D1,C46_D1_R2,C46_D1_R2_IS1
C46_D1_R2_IS2_1A,,C46,C46_D1,C46_D1_R2,C46_D1_R2_IS2
C46_D1_R2_IS2_1B,,C46,C46_D1,C46_D1_R2,C46_D1_R2_IS2
C46_D1_R2_IS2_2A,,C46,C46_D1,C46_D1_R2,C46_D1_R2_IS2
C46_D1_R2_IS2_2B,,C46,C46_D1,C46_D1_R2,C46_D1_R2_IS2
C46_D1_R2_IS3_1A,,C46,C46_D1,C46_D1_R2,C46_D1_R2_IS3
C46_D1_R2_IS3_1B,,C46,C46_D1,C46_D1_R2,C46_D1_R2_IS3
C46_D1_R2_IS3_2A,,C46,C46_D1,C46_D1_R2,C46_D1_R2_IS3
C46_D1_R2_IS3_2B,,C46,C46_D1,C46_D1_R2,C46_D1_R2_IS3
C46_D1_R3_IS1_1A,,C46,C46_D1,C46_D1_R3,C46_D1_R3_IS1
C46_D1_R3_IS1_1B,,C46,C46_D1,C46_D1_R3,C46_D1_R3_IS1
C46_D1_R3_IS1_2A,,C46,C46_D1,C46_D1_R3,C46_D1_R3_IS1
C46_D1_R3_IS1_2B,,C46,C46_D1,C46_D1_R3,C46_D1_R3_IS1
C46_D1_R3_IS2_1A,,C46,C46_D1,C46_D1_R3,C46_D1_R3_IS2
C46_D1_R3_IS2_1B,,C46,C46_D1,C46_D1_R3,C46_D1_R3_IS2
C46_D1_R3_IS2_2A,,C46,C46_D1,C46_D1_R3,C46_D1_R3_IS2
C46_D1_R3_IS2_2B,,C46,C46_D1,C46_D1_R3,C46_D1_R3_IS2
C46_D1_R3_IS3_1A,,C46,C46_D1,C46_D1_R3,C46_D1_R3_IS3
C46_D1_R3_IS3_1B,,C46,C46_D1,C46_D1_R3,C46_D1_R3_IS3
C46_D1_R3_IS3_2A,,C46,C46_D1,C46_D1_R3,C46_D1_R3_IS3
C46_D1_R3_IS3_2B,,C46,C46_D1,C46_D1_R3,C46_D1_R3_IS3
C48_D1_R1_IS1_1A,,C48,C48_D1,C48_D1_R1,C48_D1_R1_IS1
C48_D1_R1_IS1_1B,,C48,C48_D1,C48_D1_R1,C48_D1_R1_IS1
C48_D1_R1_IS1_2A,,C48,C48_D1,C48_D1_R1,C48_D1_R1_IS1
C48_D1_R1_IS1_2B,,C48,C48_D1,C48_D1_R1,C48_D1_R1_IS1
C48_D1_R1_IS2_1A,,C48,C48_D1,C48_D1_R1,C48_D1_R1_IS2
C48_D1_R1_IS2_1B,,C48,C48_D1,C48_D1_R1,C48_D1_R1_IS2
C48_D1_R1_IS2_2A,,C48,C48_D1,C48_D1_R1,C48_D1_R1_IS2
C48_D1_R1_IS2_2B,,C48,C48_D1,C48_D1_R1,C48_D1_R1_IS2
C48_D1_R2_IS1_1A,,C48,C48_D1,C48_D1_R2,C48_D1_R2_IS1
C48_D1_R2_IS1_1B,,C48,C48_D1,C48_D1_R2,C48_D1_R2_IS1
C48_D1_R2_IS1_2A,,C48,C48_D1,C48_D1_R2,C48_D1_R2_IS1
C48_D1_R2_IS1_2B,,C48,C48_D1,C48_D1_R2,C48_D1_R2_IS1
C48_D1_R2_IS2_1A,,C48,C48_D1,C48_D1_R2,C48_D1_R2_IS2
C48_D1_R2_IS2_1B,,C48,C48_D1,C48_D1_R2,C48_D1_R2_IS2
C48_D1_R2_IS2_2A,,C48,C48_D1,C48_D1_R2,C48_D1_R2_IS2
C48_D1_R2_IS2_2B,,C48,C48_D1,C48_D1_R2,C48_D1_R2_IS2
C48_D1_R2_IS3_1A,,C48,C48_D1,C48_D1_R2,C48_D1_R2_IS3
C48_D1_R2_IS3_1B,,C48,C48_D1,C48_D1_R2,C48_D1_R2_IS3
C48_D1_R2_IS3_2A,,C48,C48_D1,C48_D1_R2,C48_D1_R2_IS3
C48_D1_R2_IS3_2B,,C48,C48_D1,C48_D1_R2,C48_D1_R2_IS3
C48_D1_R3_IS1_1A,,C48,C48_D1,C48_D1_R3,C48_D1_R3_IS1
C48_D1_R3_IS1_1B,,C48,C48_D1,C48_D1_R3,C48_D1_R3_IS1
C48_D1_R3_IS1_2A,,C48,C48_D1,C48_D1_R3,C48_D1_R3_IS1
C48_D1_R3_IS1_2B,,C48,C48_D1,C48_D1_R3,C48_D1_R3_IS1
C48_D1_R3_IS2_1A,,C48,C48_D1,C48_D1_R3,C48_D1_R3_IS2
C48_D1_R3_IS2_1B,,C48,C48_D1,C48_D1_R3,C48_D1_R3_IS2
C48_D1_R3_IS2_2A,,C48,C48_D1,C48_D1_R3,C48_D1_R3_IS2
C48_D1_R3_IS2_2B,,C48,C48_D1,C48_D1_R3,C48_D1_R3_IS2
C48_D1_R3_IS3_1A,,C48,C48_D1,C48_D1_R3,C48_D1_R3_IS3
C48_D1_R3_IS3_1B,,C48,C48_D1,C48_D1_R3,C48_D1_R3_IS3
C48_D1_R3_IS3_2A,,C48,C48_D1,C48_D1_R3,C48_D1_R3_IS3
C48_D1_R3_IS3_2B,,C48,C48_D1,C48_D1_R3,C48_D1_R3_IS3
C49_D1_R2_IS2_1A,,C49,C49_D1,C49_D1_R2,C49_D1_R2_IS2
C49_D1_R2_IS2_1B,,C49,C49_D1,C49_D1_R2,C49_D1_R2_IS2
C49_D1_R2_IS2_2A,,C49,C49_D1,C49_D1_R2,C49_D1_R2_IS2
C49_D1_R2_IS2_2B,,C49,C49_D1,C49_D1_R2,C49_D1_R2_IS2
C52_D1_R3_IS1_1A,,C52,C52_D1,C52_D1_R3,C52_D1_R3_IS1
C52_D1_R3_IS1_1B,,C52,C52_D1,C52_D1_R3,C52_D1_R3_IS1
C52_D1_R3_IS1_2A,,C52,C52_D1,C52_D1_R3,C52_D1_R3_IS1
C52_D1_R3_IS1_2B,,C52,C52_D1,C52_D1_R3,C52_D1_R3_IS1
C53_D1_R1_IS1_1A,,C53,C53_D1,C53_D1_R1,C53_D1_R1_IS1
C53_D1_R1_IS1_1B,,C53,C53_D1,C53_D1_R1,C53_D1_R1_IS1
C53_D1_R1_IS1_2A,,C53,C53_D1,C53_D1_R1,C53_D1_R1_IS1
C53_D1_R1_IS1_2B,,C53,C53_D1,C53_D1_R1,C53_D1_R1_IS1
C53_D1_R1_IS2_1A,,C53,C53_D1,C53_D1_R1,C53_D1_R1_IS2
C53_D1_R1_IS2_1B,,C53,C53_D1,C53_D1_R1,C53_D1_R1_IS2
C53_D1_R1_IS2_2A,,C53,C53_D1,C53_D1_R1,C53_D1_R1_IS2
C53_D1_R1_IS2_2B,,C53,C53_D1,C53_D1_R1,C53_D1_R1_IS2
C53_D1_R1_IS3_1A,,C53,C53_D1,C53_D1_R1,C53_D1_R1_IS3
C53_D1_R1_IS3_1B,,C53,C53_D1,C53_D1_R1,C53_D1_R1_IS3
C53_D1_R1_IS3_2A,,C53,C53_D1,C53_D1_R1,C53_D1_R1_IS3
C53_D1_R1_IS3_2B,,C53,C53_D1,C53_D1_R1,C53_D1_R1_IS3
C53_D1_R2_IS1_1A,,C53,C53_D1,C53_D1_R2,C53_D1_R2_IS1
C53_D1_R2_IS1_1B,,C53,C53_D1,C53_D1_R2,C53_D1_R2_IS1
C53_D1_R2_IS1_2A,,C53,C53_D1,C53_D1_R2,C53_D1_R2_IS1
C53_D1_R2_IS1_2B,,C53,C53_D1,C53_D1_R2,C53_D1_R2_IS1
C53_D1_R2_IS2_1A,,C53,C53_D1,C53_D1_R2,C53_D1_R2_IS2
C53_D1_R2_IS2_1B,,C53,C53_D1,C53_D1_R2,C53_D1_R2_IS2
C53_D1_R2_IS2_2A,,C53,C53_D1,C53_D1_R2,C53_D1_R2_IS2
C53_D1_R2_IS2_2B,,C53,C53_D1,C53_D1_R2,C53_D1_R2_IS2
C53_D1_R2_IS3_1A,,C53,C53_D1,C53_D1_R2,C53_D1_R2_IS3
C53_D1_R2_IS3_1B,,C53,C53_D1,C53_D1_R2,C53_D1_R2_IS3
C53_D1_R2_IS3_2A,,C53,C53_D1,C53_D1_R2,C53_D1_R2_IS3
C53_D1_R2_IS3_2B,,C53,C53_D1,C53_D1_R2,C53_D1_R2_IS3
C53_D1_R3_IS2_1A,,C53,C53_D1,C53_D1_R3,C53_D1_R3_IS2
C53_D1_R3_IS2_1B,,C53,C53_D1,C53_D1_R3,C53_D1_R3_IS2
C53_D1_R3_IS2_2A,,C53,C53_D1,C53_D1_R3,C53_D1_R3_IS2
C53_D1_R3_IS3_1A,,C53,C53_D1,C53_D1_R3,C53_D1_R3_IS3
C53_D1_R3_IS3_1B,,C53,C53_D1,C53_D1_R3,C53_D1_R3_IS3
C53_D1_R3_IS3_2A,,C53,C53_D1,C53_D1_R3,C53_D1_R3_IS3
C53_D1_R3_IS3_2B,,C53,C53_D1,C53_D1_R3,C53_D1_R3_IS3